uid,so_question_id,link,author,created,text
U001,1358510,https://stackoverflow.com/questions/1358510,Robin Rodricks,2009-08-31,"Title: How to compare 2 files fast using .NET?
Question: Typical approaches recommend reading the binary via FileStream and comparing it byte-by-byte.
Would a checksum comparison such as CRC be faster?
Are there any .NET libraries that can generate a checksum for a file?
Comment on question: dupe: stackoverflow.com/questions/211008/c-file-management
Answer 1: A checksum comparison will most likely be slower than a byte-by-byte comparison.
In order to generate a checksum, you'll need to load each byte of the file, and perform processing on it. You'll then have to do this on the second file. The processing will almost definitely be slower than the comparison check.
As for generating a checksum: You can do this easily with the cryptography classes. Here's a short example of generating an MD5 checksum with C#.
However, a checksum may be faster and make more sense if you can pre-compute the checksum of the ""test"" or ""base"" case. If you have an existing file, and you're checking to see if a new file is the same as the existing one, pre-computing the checksum on your ""existing"" file would mean only needing to do the DiskIO one time, on the new file. This would likely be faster than a byte-by-byte comparison.
Comment on answer 1: Make sure to take into account where your files are located. If you're comparing local files to a back-up half-way across the world (or over a network with horrible bandwidth) you may be better off to hash first and send a checksum over the network instead of sending a stream of bytes to compare.
Comment on answer 1: @ReedCopsey: I'm having a similar problem, since I need to store input/output files produced by several elaborations that are supposed to contain a lot of duplications. I thought to use precomputed hash, but do you think I can reasonably assume that if 2 (e.g. MD5) hash are equal, the 2 files are equal and avoid further byte-2-byte comparison ? As far as I know MD5/SHA1 etc collisions are really unlikely...
Comment on answer 1: @digEmAll Collision chance is low - you can always do a stronger hash, though - ie: use SHA256 instead of SHA1, which will reduce the likelihood of collisions further.
Comment on answer 1: thanks for your answer - i'm just getting into .net. i'm assuming that if one is using the hashcode/check sum technique, then the hashes of the main folder will be stored persistently somewhere? out of curiousity how would you store it for a WPF application - what would you do? (i've currently looking at xml, text files or databases).
Answer 2: Edit: This method would not work for comparing binary files!
In .NET 4.0, the File class has the following two new methods:
[code]
Which means you could use:
[code]
Comment on answer 2: Wouldn't you also need to store both files in memory?
Comment on answer 2: Note that File also has the function ReadAllBytes which can use SequenceEquals as well so use that instead as it would work on all files. And as @RandomInsano said, this is stored in memory so while it's perferctly fine to use for small files I would be careful using it with large files.
Comment on answer 2: @DaedalusAlpha It returns an enumerable, so the lines will be loaded on-demand and not stored in memory the whole time. ReadAllBytes, on the other hand, does return the whole file as an array.
Answer 3: If the files are not too big, you can use:
[code]
It will only be feasible to compare hashes if the hashes are useful to store.
(Edited the code to something much cleaner.)
Answer 4: In addition to Reed Copsey's answer:
The worst case is where the two files are identical. In this case it's best to compare the files byte-by-byte.
If if the two files are not identical, you can speed things up a bit by detecting sooner that they're not identical.
For example, if the two files are of different length then you know they cannot be identical, and you don't even have to compare their actual content.
Comment on answer 4: To be complete: the other big gain is stopping as soon as the bytes at 1 position are different.
Comment on answer 4: @Henk: I thought this was too obvious :-)
Comment on answer 4: Good point on adding this. It was obvious to me, so I didn't include it, but it's good to mention.
Answer 5: The only thing that might make a checksum comparison slightly faster than a byte-by-byte comparison is the fact that you are reading one file at a time, somewhat reducing the seek time for the disk head. That slight gain may however very well be eaten up by the added time of calculating the hash.
Also, a checksum comparison of course only has any chance of being faster if the files are identical. If they are not, a byte-by-byte comparison would end at the first difference, making it a lot faster.
You should also consider that a hash code comparison only tells you that it's very likely that the files are identical. To be 100% certain you need to do a byte-by-byte comparison.
If the hash code for example is 32 bits, you are about 99.99999998% certain that the files are identical if the hash codes match. That is close to 100%, but if you truly need 100% certainty, that's not it.
Comment on answer 5: Use a larger hash and you can get the odds of a false positive to well below the odds the computer erred while doing the test.
Comment on answer 5: I disagree about the hash time vs seek time. You can do a lot of calculations during a single head seek. If the odds are high that the files match I would use a hash with a lot of bits. If there's a reasonable chance of a match I would compare them a block at a time, for say 1MB blocks. (Pick a block size that 4k divides evenly to ensure you never split sectors.)
Comment on answer 5: To explain @Guffa's figure 99.99999998%, it comes from computing 1 - (1 / (2^32)), which is the probability that any single file will have some given 32-bit hash. The probability of two different files having the same hash is the same, because the first file provides the ""given"" hash value, and we only need to consider whether or not the other file matches that value. The chances with 64- and 128-bit hashing decrease to 99.999999999999999994% and 99.9999999999999999999999999999999999997% (respectively), as if that matters with such unfathomable numbers.
Comment on answer 5: ...Indeed, the fact that these numbers are harder for most people to grasp than the putatively simple notion, albeit true, of ""infinitely many files colliding into same hash code"" may explain why humans are unreasonably suspicious of accepting hash-as-equality.
Answer 6: The slowest possible method is to compare two files byte by byte. The fastest I've been able to come up with is a similar comparison, but instead of one byte at a time, you would use an array of bytes sized to Int64, and then compare the resulting numbers.
Here's what I came up with:
[code]
In my testing, I was able to see this outperform a straightforward ReadByte() scenario by almost 3:1. Averaged over 1000 runs, I got this method at 1063ms, and the method below (straightforward byte by byte comparison) at 3031ms. Hashing always came back sub-second at around an average of 865ms. This testing was with an ~100MB video file.
Here's the ReadByte and hashing methods I used, for comparison purposes:
[code]
Comment on answer 6: @anindis: For completeness, you may want to read both @Lars' answer and @RandomInsano's answer. Glad it helped so many years on though! :)
Comment on answer 6: The FilesAreEqual_Hash method should have a using on both file streams too like the ReadByte method otherwise it will hang on to both files.
Comment on answer 6: Note that FileStream.Read() may actually read less bytes than the requested number. You should use StreamReader.ReadBlock() instead.
Comment on answer 6: In the Int64 version when the stream length is not a multiple of Int64 then the last iteration is comparing the unfilled bytes using previous iteration's fill (which should also be equal so it's fine). Also if the stream length is less than sizeof(Int64) then the unfilled bytes are 0 since C# initializes arrays. IMO, the code should probably comment these oddities.
Comment on answer 6: @chsh I modified your code slightly to add a short-circuit case for when the two files being compared are the same file (in case the caller forgets to check). This shouldn't affect the comparative performance stats in any measurable way for a 100MB file.
Comment on answer 6: I modified the code above to allow for case insensitivity to not throw off the filename fast-path. But there is still a bug as @palec called out. @crokusek suggested this is fine, but it really isn't. It's not just when the stream ends that the Read method may return fewer bytes than requested. The contract is that Read must not return 0 bytes unless the end of the stream is read, but mid-stream, it can also return (0,max] bytes which buffering streams may actually do. So it really is important to make sure to consider that case.
Comment on answer 6: As noted by @Palec in a previous comment, the int64 version may fail to give correct results since FileStream.Read() can read less than the requested number of bytes.
Comment on answer 6: this method is ultra fast. I am able to fully utilize my m2 ssd with just 4 threads
Answer 7: It's getting even faster if you don't read in small 8 byte chunks but put a loop around, reading a larger chunk. I reduced the average comparison time to 1/4.
[code]
Comment on answer 7: In general the check count1 != count2 isn't correct. Stream.Read() can return less than the count you have provided, for various reasons.
Answer 8: Another improvement on large files with identical length, might be to not read the files sequentially, but rather compare more or less random blocks.
You can use multiple threads, starting on different positions in the file and comparing either forward or backwards.
This way you can detect changes at the middle/end of the file, faster than you would get there using a sequential approach.
Comment on answer 8: Would disk thrashing cause problems here?
Comment on answer 8: Physical disk drives yes, SSD's would handle this.
Answer 9: My experiments show that it definitely helps to call Stream.ReadByte() fewer times, but using BitConverter to package bytes does not make much difference against comparing bytes in a byte array.
So it is possible to replace that ""Math.Ceiling and iterations"" loop in the comment above with the simplest one:
[code]
I guess it has to do with the fact that BitConverter.ToInt64 needs to do a bit of work (check arguments and then perform the bit shifting) before you compare and that ends up being the same amount of work as compare 8 bytes in two arrays.
Comment on answer 9: Array.Equals goes deeper into the system, so it will likely be a lot faster than going byte by byte in C#. I can't speak for Microsoft, but deep down, Mono uses C's memcpy() command for array equality. Can't get much faster than that.
Comment on answer 9: @RandomInsano guess you mean memcmp(), not memcpy()
Answer 10: If you only need to compare two files, I guess the fastest way would be (in C, I don't know if it's applicable to .NET)
open both files f1, f2
get the respective file length l1, l2
if l1 != l2 the files are different; stop
mmap() both files
use memcmp() on the mmap()ed files
OTOH, if you need to find if there are duplicate files in a set of N files, then the fastest way is undoubtedly using a hash to avoid N-way bit-by-bit comparisons.
Answer 11: Honestly, I think you need to prune your search tree down as much as possible.
Things to check before going byte-by-byte:
Are sizes the same?
Is the last byte in file A different than file B
Also, reading large blocks at a time will be more efficient since drives read sequential bytes more quickly. Going byte-by-byte causes not only far more system calls, but it causes the read head of a traditional hard drive to seek back and forth more often if both files are on the same drive.
Read chunk A and chunk B into a byte buffer, and compare them (do NOT use Array.Equals, see comments). Tune the size of the blocks until you hit what you feel is a good trade off between memory and performance. You could also multi-thread the comparison, but don't multi-thread the disk reads.
Comment on answer 11: Using Array.Equals is a bad idea because it compares the whole array. It is likely, at least one block read will not fill the whole array.
Comment on answer 11: Why is comparing the whole array a bad idea? Why would a block read not fill the array? There's definitely a good tuning point, but that's why you play with the sizes. Extra points for doing the comparison in a separate thread.
Comment on answer 11: When you define a byte array, it will have a fixed length. (e.g. - var buffer = new byte[4096]) When you read a block from the file, it may or may not return the full 4096 bytes. For instance, if the file is only 3000 bytes long.
Comment on answer 11: Ah, now I understand! Good news is the read will return the number of bytes loaded into the array, so if the array can't be filled, there will be data. Since we're testing for equality, old buffer data won't matter. Docs: msdn.microsoft.com/en-us/library/9kstw824(v=vs.110).aspx
Comment on answer 11: Also important, my recommendation to use the Equals() method is a bad idea. In Mono, they do a memory compare since the elements are contiguous in memory. Microsoft however doesn't override it, instead only doing a reference comparison which here would always be false.
Comment on answer 11: It's worth noting that as long as you don't override it in the constructor, the default size of FileStream's internal buffer is already a large block (4096 bytes). While there's a bit of overhead calling Read(), it's not actually hitting the disk every time. referencesource.microsoft.com/#mscorlib/system/io/…
Answer 12: If you d̲o̲ decide you truly need a full byte-by-byte comparison (see other answers for discussion of hashing), then the easiest solution is:
• for `System.String` path names:
[code]
• for `System.IO.FileInfo` instances:
[code]
Unlike some other posted answers, this is conclusively correct for any kind of file: binary, text, media, executable, etc., but as a full binary comparison, files that that differ only in ""unimportant"" ways (such as BOM, line-ending, character encoding, media metadata, whitespace, padding, source code comments, etc.note 1) will always be considered not-equal.
This code loads both files into memory entirely, so it should not be used for comparing truly gigantic files. Beyond that important caveat, full loading isn't really a penalty given the design of the .NET GC (because it's fundamentally optimized to keep small, short-lived allocations extremely cheap), and in fact could even be optimal when file sizes are expected to be less than 85K, because using a minimum of user code (as shown here) implies maximally delegating file performance issues to the CLR, BCL, and JIT to benefit from (e.g.) the latest design technology, system code, and adaptive runtime optimizations.
Furthermore, for such workaday scenarios, concerns about the performance of byte-by-byte comparison via LINQ enumerators (as shown here) are moot, since hitting the disk a̲t̲ a̲l̲l̲ for file I/O will dwarf, by several orders of magnitude, the benefits of the various memory-comparing alternatives. For example, even though SequenceEqual does in fact give us the ""optimization"" of abandoning on first mismatch, this hardly matters after having already fetched the files' contents, each fully necessary for any true-positive cases.
1. An obscure exception: NTFS alternate data streams are not examined by any of the answers discussed on this page, so such streams may be different for files otherwise reported as the ""same.""
Comment on answer 12: this one does not look good for big files. not good for memory usage since it will read both files up to the end before starting comparing the byte array. That is why i would rather go for a streamreader with a buffer.
Comment on answer 12: @Krypto_47 I discussed these factors and the approprate use in the text of my answer.
Answer 13: Something (hopefully) reasonably efficient:
[code]
Comment on answer 13: This is wrong, since Read() can return less bytes than requested: learn.microsoft.com/en-us/dotnet/api/…
Comment on answer 13: @dafie hence the bytesRead* variables. I suggest you step through the code under debug before making such statements :)
Comment on answer 13: You are wrong. stream1.Read(buffer1, 0, bufferSize); can return different value than stream2.Read(buffer2, 0, bufferSize);. According to documentation return value from Read() is ""The total number of bytes read into the buffer. This might be less than the number of bytes requested if that number of bytes are not currently available, or zero if the end of the stream is reached."". Sometimes you might get less bytes from Read(), so with this check: if (bytesRead1 != bytesRead2) return false; you can get wrong answer from FilesEqual() method.
Comment on answer 13: @check #1 this, or #2 this
Answer 14: I think there are applications where ""hash"" is faster than comparing byte by byte.
If you need to compare a file with others or have a thumbnail of a photo that can change.
It depends on where and how it is using.
[code]
Here, you can get what is the fastest.
[code]
Optionally, we can save the hash in a database.
Hope this can help
Answer 15: Here are some utility functions that allow you to determine if two files (or two streams) contain identical data.
I have provided a ""fast"" version that is multi-threaded as it compares byte arrays (each buffer filled from what's been read in each file) in different threads using Tasks.
As expected, it's much faster (around 3x faster) but it consumes more CPU (because it's multi threaded) and more memory (because it needs two byte array buffers per comparison thread).
[code]
Comment on answer 15: This is wrong, since Read can return less bytes than requested: learn.microsoft.com/en-us/dotnet/api/…
Answer 16: This I have found works well comparing first the length without reading data and then comparing the read byte sequence
[code]
Answer 17: Yet another answer, derived from @chsh. MD5 with usings and shortcuts for file same, file not exists and differing lengths:
[code]
Comment on answer 17: You say if (i>=secondHash.Length ... Under what circumstances would two MD5 hashes be different lengths?
Answer 18: My answer is a derivative of @lars but fixes the bug in the call to Stream.Read. I also add some fast path checking that other answers had, and input validation. In short, this should be the answer:
[code]
Or if you want to be super-awesome, you can use the async variant:
[code]
Comment on answer 18: wouldnt the bitconverter bit be better as ``` for (var i = 0; i < count; i+= sizeof(long)) { if (BitConverter.ToInt64(buffer1, i) != BitConverter.ToInt64(buffer2, i)) { return false; } } ```
Comment on answer 18: You need to open the file with the isAsync parameter set to true in order to take advantage of truly-async i/o: learn.microsoft.com/en-us/dotnet/api/…
Comment on answer 18: works fantastic
Answer 19: Inspired from https://dev.to/emrahsungu/how-to-compare-two-files-using-net-really-really-fast-2pd9
Here is a proposal to do it with AVX2 SIMD instructions:
[code]"
U002,5704712,https://stackoverflow.com/questions/5704712,Mark W,2011-04-18,"Title: get absolute URL with EL
Question: How can I build up an absolute URL using no scriptlets (only EL) to the current server, using the current protocol, port, application etc?
Comment on question: Absolute URL to where? From what information? We need a lot more information to help you, I'm afaid..
Comment on question: like this: String s = ""http://www.example.com"" :) Well, jokes apart, what do you mean exactly? Building from what? And, pardon my ignorance, what is ""EL""?
Comment on question: Sorry All, I mean to the current server. Using the current protocol and port etc
Comment on question: @MarcoS: hover the [el] tag below the question and read the popbox and click if necessary the info link therein.
Comment on question: @BalusC: ah, stupid me! thank you for suggesting this.
Answer 1: You can get the base URL up to with the context root with help of JSTL as follows:
[code]
Comment on answer 1: In my setup, this results in a URL with http instead of https.
Answer 2: Another way is:
[code]
Comment on answer 2: localPort is however incorrect. Use serverPort. The only disadvantage of this way is that you still ends with an ugly port number in URL when the site runs on default HTTP ports 80 or 443.
Comment on answer 2: Thanks. Of course. Well spotted. For my use the ports are not default, otherwise i'd simply leave it off.
Answer 3: Yet another way is:
[code]
I'm quite surprised when the GitHub Copilot just suggested the code snippet. ~~ :)"
U003,9897306,https://stackoverflow.com/questions/9897306,user1217380,2012-03-27,"Title: @font-face not working
Question: Don't know why but font is not displaying.Please help.
CSS(in css folder):
style.css:
[code]
Comment on question: Check your resources tab in the inspector/firebug to make sure your fonts are being loaded correctly.
Comment on question: Just a suggestion: check out Google Web Fonts (google.com/webfonts) You can link straight to these from CSS or meta tag
Comment on question: Sure hope you have the proper rights to that font, it looks like @font-face isn't supported by the foundry yet: typography.com/ask/faq.php?path=head#Ft_10
Comment on question: me too having the same issue, i am developing cordova application in which i am using me_quran font family, but it is not taking in the mobile app.. why?? pls help me My Question
Answer 1: Not sure exactly what your problem is, but try the following:
Do the font files exist?
Do you need quotes around the URLs?
Are you using a CSS3-enabled browser?
Check here for examples, if they don't work for you then you have another problem
Edit:
You have a bunch of repeated declarations in your source, does this work?
[code]
Answer 2: Double period (..) means you go up one folder and then look for the folder behind the slash.
For example:
If your index.html is in the folder html/files and the fonts are in html/fonts, the .. is fine (because you have to go back one folder to go to /fonts). Is your index.html in html and your fonts in html/fonts, then you should use only one period.
Another problem could be that your browser might not support .eot font-files.
Without seeing more of your code (and maybe a link to a live version of your website), I can't really help you further.
Edit: Forget the .eot part, I missed the .ttf file in your css.
Try the following:
[code]
Answer 3: Using font-face requires a little understanding of browser inconsistencies and may require some changes on the web server itself. First thing you have to do is check the console to see if/what messages are being generated. Is it a permissions issue or resource not found....?
Secondly because each browser is expecting a different font type I would use Font Squirrel to upload your font and then generate the additional files and CSS needed. http://www.fontsquirrel.com/fontface/generator
And finally, versions of FireFox and IE will not allow fonts to be loaded cross domain. You may need to modify your Apache config or .htaccess (Header set Access-Control-Allow-Origin ""*"")
Answer 4: I had this problem recently and the problem was that my web server was not configured to serve woff files. For IIS 7, you can select your site, then select the MIME Types icon. If .woff is not in the list, you need to add it. The correct values are
[code]
Answer 5: I was having this same issue and I thought I'd share my solution as I didn't see anyone address this problem specifically.
The problem was I wasn't using the correct path. My CSS looked like this:
[code]
The problem with the path is that I am referring to the font from my CSS file, which is in my CSS folder.
I needed to come up a level first, then into the fonts folder.
This is what it looks like now, and works great.
[code]
I hope this helps someone out!
Answer 6: By using the .. operator, you've have duplicated the folder path - and will get something like this : /wp-content/themes/wp-content/themes/twentysixteen/fonts/.
Use the console in your browser to see for this error.
Answer 7: I'm also facing this type of problem. After trying all solutions I got final solution on this problem. Reasons for this type of problem is per-defined global fonts. Use !important keyword for each line in @font-face is the solution for this problem.
Full description and example for Solution of this problem is here :- http://answerdone.blogspot.com/2017/06/font-face-not-working-solution.html
Answer 8: try to put below html in head tag.It worked for me.
[code]
Answer 9: I was developing for an Arabic client, and had an issue like this as well, after using a font generator to create my fonts. None of the fonts I was generating were working.
It turns out that there was a setting in the ""Advanced options"" of the genrator which I needed to select which would not only use a the Western language glyphs (a pre-selected option).
After removing this subset, my fonts then worked with the Arabic characters. I hope this may help someone else in this position.
Cheers
Answer 10: You need to put the font file name / path in quotes.
Eg.
[code]
or
[code]
and not
[code]
Also @FONT-FACE only works with some font files. :o(
All the sites where you can download fonts, never say which fonts work and which ones don't.
Answer 11: This is probably due to CORS (or not quoting paths) and is expected behaviour. I know it sounds confusing, but the reason is due to the source of your fonts and not the web page itself.
A good explanation and numerous solutions for Apache, NGINX, IIS or PHP available in multiple languages can be found here:
https://www.hirehop.com/blog/cross-domain-fonts-cors-font-face-issue/
Answer 12: In my case, the problem was the font file itself. All the font files suddenly would not work anymore (seemed broken).
It's an Electron app.
Originally everything worked fine, and I didn't change anything related to the font, just pushed my code to the repo. But the font didn't work for my teammates, after I pulled her changes, it didn't work for me as well.
The solution is quite easy in my case:
I deleted all the font files and put the original files in again, then everything worked again.
Hope this helps those who have similar issues as mine.
Answer 13: Another thing to check:
For .otf font files, use format('opentype') NOT format('otf')
For example use:
[code]
For me, this was a case of GitHub Copilot getting its suggestion 95% correct, but incorrectly using format('otf'), which caused me to spend an hour debugging this.
Comment on answer 13: Exact same problem! Copilot added otf instead of opentype and I completely overlooked it. Thanks for the great answer, I was pulling my hair out!
Comment on answer 13: For future reference: this worked for me on Chromium."
U004,43728431,https://stackoverflow.com/questions/43728431,blitzmann,2017-05-02,"Title: Relative imports - ModuleNotFoundError: No module named x
Question: This is the first time I've really sat down and tried python 3, and seem to be failing miserably. I have the following two files:
test.py
config.py
config.py has a few functions defined in it as well as a few variables. I've stripped it down to the following:
config.py
[code]
test.py
[code]
I also have an __init__.py
However, I'm getting the following error:
[code]
I'm aware that the py3 convention is to use absolute imports:
[code]
However, this leads to the following error:
[code]
So I'm at a loss as to what to do here... Any help is greatly appreciated. :)
Comment on question: I cannot reproduce the error, how do you execute this code?
Comment on question: I execute test.py through pyCharm with Python 3.6. Does yours execute fine?
Comment on question: I execute it with idle that come with python, and also as python test.py, and it work perfectly fine. I don't have pyCharm, but perhaps is some bad configuration of pyCharm that is causing the problem
Comment on question: Very odd. I'm using WinPython - just download vanilla Python 3.6 from python.org, and it works fine. Never thought to check the interpreter! Thanks!
Comment on question: My guess is that something funky is going on with PYTHONPATH. Check your IDE settings and/or system environment variables.
Comment on question: I have this same exact problem. It is not pycharm! It is python3. It works in python2, but when using python3, you see this error! very frustrating.
Comment on question: sys.path.append(r'C:/.../LastFolder') works all the time
Comment on question: If I run it from console first option works for me and second gives me ""ImportError: attempted relative import with no known parent package"".
Comment on question: I think, it's because you are doing a relative import. Best to use absolute paths, here is a medium article that explains in detail how to do that. and why exactly this error occurs.
Answer 1: Tried your example
[code]
got the following SystemError:
/usr/bin/python3.4 test.py
Traceback (most recent call last):
File ""test.py"", line 1, in
from . import config
SystemError: Parent module '' not loaded, cannot perform relative import
This will work for me:
[code]
Tested with Python:3.4.2 - PyCharm 2016.3.2
Beside this PyCharm offers you to Import this name.
You hav to click on config and a help icon appears.
[image]
Answer 2: TL;DR: You can't do relative imports from the file you execute since __main__ module is not a part of a package.
Absolute imports - import something available on sys.path
Relative imports - import something relative to the current module, must be a part of a package
If you're running both variants in exactly the same way, one of them should work. Here is an example that should help you understand what's going on. Let's add another main.py file with the overall directory structure like this:
[code]
And let's update test.py to see what's going on:
[code] Let's run test.py first:
[code]
Here ""test"" is the __main__ module and doesn't know anything about belonging to a package. However import config should work, since the ryan folder will be added to sys.path.
Let's run main.py instead:
[code]
And here test is inside of the ""ryan"" package and can perform relative imports. import config fails since implicit relative imports are not allowed in Python 3.
Hope this helped.
P.S.: If you're sticking with Python 3 there is no more need for __init__.py files.
Comment on answer 2: Is there something I can do to make absolute imports always work? Like, call sys.path.append('/some/path/my_module') inside of /some/path/my_module/__init__.py ?
Comment on answer 2: @JamesT. Yes, it's pretty common to modify sys.path during runtime (github.com/…). You can also set PYTHONPATH environment variable.
Comment on answer 2: ""if you're sticking with Python 3 there is no more need in __init__.py files."" Interesting. Can you elaborate on this? I was under the impression that the package resolution mechanism hasn't changed all that much between 2 and 3.
Comment on answer 2: ""if you're sticking with Python 3 there is no more need for __init__.py files."" Conversely, can you describe things if we want a package to work in both 2 and 3? And see the woefully-out-of-date 2009 What is __init__.py for? and its most highly-upvoted answer ""It's a part of a package"". We need to start emphasizing the distinction ""regular package [old, pre-3.3]"" vs ""namespace package [3.3+]"" everywhere and often.
Comment on answer 2: thanks for the answer. I am wondering if in main.py, ""from ryan import test"" is equivalent to ""import ryan.test"" (ignore the namespace prefix differenence, i.e. in the former we can access via test while in the latter we have to access via ryan.test)? Are those two going to import the same set of variables defined in the namespace of test, and are they both absolute import?
Comment on answer 2: What is ""part of a package"" here mean?
Comment on answer 2: What is in the sys.path in this example?
Comment on answer 2: Why we don't import it like ""from ryan import config""?
Answer 3: This example works on Python 3.6.
I suggest going to Run -> Edit Configurations in PyCharm, deleting any entries there, and trying to run the code through PyCharm again.
If that doesn't work, check your project interpreter (Settings -> Project Interpreter) and run configuration defaults (Run -> Edit Configurations...).
Answer 4: As was stated in the comments to the original post, this seemed to be an issue with the python interpreter I was using for whatever reason, and not something wrong with the python scripts. I switched over from the WinPython bundle to the official python 3.6 from python.org and it worked just fine. thanks for the help everyone :)
Comment on answer 4: Hmm hate to say this but same thing just happened to me. Recreating environment fix the issue. In my case, I was getting this error when running tests. In the same environment, attempt to import same module worked. Recreating environment fixed them all (same python version 3.6)
Comment on answer 4: Different IDE's have different way of handling path's specially for project source files (views, modules, templates, etc.) If your project is structured and coded properly, then it should work to all (standard) IDE's. Having issues with popular IDE's like WinPython means the problem is indeed coming from your project. As mentioned above, the problem is ""You have to add a . to the module"" by user3159377 which should be the accepted answer.
Answer 5: I figured it out. Very frustrating, especially coming from python2.
You have to add a . to the module, regardless of whether or not it is relative or absolute.
I created the directory setup as follows.
[code]
modx.py
[code]
mody.py
[code]
main.py
[code]
when I execute main, this is what happens
[code]
I ran 2to3, and the core output was this
[code]
I had to modify mody.py's import statement to fix it
[code]
Then I ran main.py again and got the expected output
[code]
Lastly, just to clean it up and make it portable between 2 and 3.
[code]
Comment on answer 5: Worth noting that the try/except loading procedure is the real ingredient that works here (as some people will need to use try:scripts.modx and except: modx), and was what solved this issue for me.
Comment on answer 5: Try/except on import is ugly. I wish there was a better solution.
Comment on answer 5: You have to add a . to the module, regardless of whether or not it is relative or absolute This is not quite accurate. If you use the dot, then it becomes a relative import.
Comment on answer 5: thank you so much! this dot (.) was the actual problem for me =)
Comment on answer 5: I am using a library called generateDS and I add a dot at the module name and solve the problem in 2021! Thanks!
Comment on answer 5: adding . when importing a file (in my case, from .file1 import my_var) still working great in python 3.7, thank you
Answer 6: Setting PYTHONPATH can also help with this problem.
Here is how it can be done on Windows
set PYTHONPATH=.
Comment on answer 6: setting PYTHONPATH to main code directory solved the problem for me!
Comment on answer 6: Works in Linux as well. export PYTHONPATH=.
Comment on answer 6: Works on MacOs as well. export PYTHONPATH=.
Answer 7: Declare correct sys.path list before you call module:
[code]
Answer 8: You can simply add following file to your tests directory, and then python will run it before the tests
[code]
Comment on answer 8: This is what I was exactly looking for. Thanks for sharing this answer!!!
Comment on answer 8: Doing something like this gives a linter (pylint3) error. The error is similar to this one. filename.py:12:0: C0413: Import ""import abc.def.ghi.file_util as file_util"" should be placed at the top of the module (wrong-import-position)
Comment on answer 8: Excellent. These contents for the __init__ file work in Python 3.6.6
Answer 9: You have to append your project's path to PYTHONPATH and make sure to use absolute imports.
For UNIX (Linux, OSX, ...)
[code]
For Windows
[code]
Absolute imports
Assuming that we have the following project structure,
[code]
just make sure to reference each import starting from the project's root directory. For instance,
[code]
For a more comprehensive explanation, refer to the article How to fix ModuleNotFoundError and ImportError
Comment on answer 9: Huge thanks @Giorgos! This is especially true when you're trying to set a root directory in a docker image.
Comment on answer 9: This worked for me instead, on Ubuntu: export PYTHONPATH=""/home/me/projects/foo:$PYTHONPATH""
Answer 10: Set PYTHONPATH environment variable in root project directory.
Considering UNIX-like:
[code]
Answer 11: Try
[code]
What that does is import from the same folder level. If you directly try to import it assumes it's a subordinate
Answer 12: If you are using python 3+ then try adding below lines
[code]
Comment on answer 12: Another version of the same answer, this also works: [code] Here omitted a few things like: os.path.abspath or os.path.realpath
Answer 13: For me, simply adding the current directory worked.
Using the following structure:
[code]
a.py:
[code]
Answer 14: I am working in a Linux machine. I had the same issue when I run python my_module/__main__.py.
The error is fixed, if you run the command export PYTHONPATH=. before your run your script.
[code]
Answer 15: You may use these statements to set the working directory, which worked for me with python3
[code]
Answer 16: In my experience, PYTHONPATH environment variable does not work everytime.
In my case, my pytest only worked when I added the absolute path:
sys.path.insert(
0, ""/Users/bob/project/repo/lambda""
)
Comment on answer 16: don't forget import sys :)
Comment on answer 16: As it’s currently written, your answer is unclear. Please edit to add additional details that will help others understand how this addresses the question asked. You can find more information on how to write good answers in the help center.
Answer 17: I see many answers importing sys and os. Here's a not mentioned yet shorter one that GitHub Copilot gave me:
[code]
Adding this to the top of my python script solved the problem as well.
Answer 18: To have Bash automatically recognise the project dir you're in:
[code]
OR
[code]
At the bottom of the bash file:
[code]
To save and exit:
Ctrl + X
Y
Test your changes by:
[code]"
U005,49729184,https://stackoverflow.com/questions/49729184,kett,2018-04-09,"Title: Visual Studio Code bracket auto completion
Question: This has been annoying me for a while. VSCode doesn't let me type a closing bracked or parenthesis or the like ( "")"", ""]"", ""}"") when there is already a closing symbol of the same type.
In this WEBM you see me try to set another set of brackets and VSCode skips the closing bracket that I typed. This is extremely annoying.
WEBM
How do I disable this behaviour in VSCode? (Or correct it, so VSCode closes the inner bracket for me.)
Edit: I know I can disable auto closing brackets in VSCode with ""editor.autoClosingBrackets"": false. But I don't want to disable it altogether. I just want to disable the overtyping.
Answer 1: TL;DR: As of June 2019, it's not possible to disable only the overtyping part of the autocloseBrackets function. You can only disable auto
bracket closing altogether.
Some people suggest using the TabOut Extension for Visual Studio Code to tab out of quotes, brackets, etc.
Ok, so what I found out over at the VSC Github is this:
[...] This can be turned off via editor.autoClosingBrackets. The feature
consists of multiple parts:
one is that when ( is typed, the result is (|).
the other part that is hit here, is that when ) is typed and ) follows the cursor, ) will be overtyped.
The feature is implemented language agnostic and looks only locally at
the next character. It does not count brackets to determine if the
code is ""bracket unbalanced"".
(Source: https://github.com/Microsoft/vscode/issues/35799)
At the moment, it's not possible to fix this, without losing the auto
bracket closing feature. The above thread has since been closed. New one is here: https://github.com/Microsoft/vscode/issues/37315 , but no patch has come out yet.
Comment on answer 1: Maybe it helps, i'm using Ctrl+RightArrow or Ctrl+End to move out of auto-closed brackets depending on keyboard layout.
Answer 2: I face the same issue,
It's because of the GIT COPILOT once I uninstall and restart the VS CODE it's working properly now"
U006,59200189,https://stackoverflow.com/questions/59200189,Catfish,2019-12-05,"Title: How to fix jsdoc autocomplete not working in vscode
Question: I have a project where my jsdoc autocomplete doesn't work in vscode.
Any ideas why or settings I can check to figure out why hitting enter doesn't automatically add a line with a *?
[image]
These are my enabled extensions:
[image]
Comment on question: Your jsdoc autocomplete works differently from my built-in version. For me, one extra line with *\t is automatically inserted between the end ""tags"". Do you have any conflicting extensions? I also note that for me, if you put the cursor at the end of the opening tag and then enter I do get asterisked lines.
Comment on question: [code] That's what i'm expecting too.
Comment on question: I would just disable all extensions ans see if it still doesn't work.
Answer 1: In my case, it was the editor.autoIndent preference setting that was set to none. Setting it to advanced or full fixes the issue with jsdoc indent autocompletion on Enter.
Comment on answer 1: Mine was on full. Changing it to advanced didn't seem to do anything for me.
Answer 2: I also had the same issue, I got it fixed by setting the showWords to true
[code]
Kind of a bummer though, I really wanted to disable word suggestions but keep using the JSDoc, but for now I will just filter them out.
Hopefully, this will help someone having this issue.
Comment on answer 2: The editor.autoClosingBrackets suggestion in the other answer did not fix my issue. I too had ""editor.suggest.showWords"": false previously, but changing it to true fixed the issue for me even though I hate the word suggestions. Guess I'll just add a .vscode folder at the root with project settings for when I'm using JSDoc. This is really annoying.
Answer 3: For everyone who has the same problem.
I found this answer useful. It looks like VSCode is treating comments on the same way like Brackets.
editor.autoClosingBrackets
I had this configuration on ""never"" and changed it to ""languageDefined"".
Answer 4: I had the same issue on my Angular project. What I did is to add ""editor.autoClosingBrackets"": ""languageDefined"" per language like this:
[code]
This works for me but it's annoying though because you have to do it per language. But I think they're working on this. github
Answer 5: For me the culprit was the GitHub Copilot extension, like mentioned in this answer.
In summary, disable the extension,
or
open settings (f1 -> Open Settings(JSON)) and add
[code]
and other languages you use I guess"
U007,64086068,https://stackoverflow.com/questions/64086068,Luka Radic,2020-09-27,"Title: Auto closing brackets in visual-studio-code not working for Vue files
Question: I have a problem with brackets not auto closing while typing in .vue files. I use visual-studio-code as my editor and i have auto closing brackets set to ""always"" in settings. HTML tags do self close, and the problem is only in .vue files, while typing in .js/.jsx files everything works normally, brackets and quotation marks auto close. Any ideas on how to fix this?
Comment on question: Are you using Vetur extension?
Comment on question: Same for me after creating vanilla application with vue-cli
Answer 1: I just had the same issue, even after installing the Vetur extension. Reloading VS Code solved the problem.
Comment on answer 1: This do the tricks on Windows 10, VSCode version 1.56.2
Answer 2: If you install Vetur plugin in vs-code, reload the application. It solved my problem.
Answer 3: I had the same issue I solved the issue by:
Going to settings.json and adding:
[code]
Note: But it does still not work globally, only the language specified.
(which is javascript here. You can specify/add any other languages.)
Answer 4: For the people that installed Github copilot extension!
Know that it does override settings! And it's a cause!
I never thought about auto closing brackets! It always worked! Till this time it just ceased to do!
You can check this here:
https://github.com/microsoft/vscode/issues/127739
Even if you are setting
[code]
It will still not work!
This might be defined by an extension. Are you by any chance using copilot?
You can know why by this comment:
Copilot is defining these default language settings that can be overwritten only using language specific settings. They do that to workaround an issue in vscode tracked at #125663 . Once we ship our next stable release (sometime this week), they will be free to remove that workaround. Until then you can disable the extension if you are not in the preview program yet or you can define the language specific setting e.g.:
[code]
A guy had it not work for js and typescript! And work out of the box for PHP!
I had copilot installed too!
You can just add:
[code]
to your settings!
[image]
[image]
[image]
Now it's working again!
You can also disable copilot extension! I didn't want to!
Know too that this copilot issue! Will no more be an issue soon enough! As mentionned in the comment above! You can think about updating it and vscode and check on the next update!
Comment on answer 4: Yup, github copilot was the reason. Adding these to the settings.json solved the issue.
Comment on answer 4: Yes, github copilot was the culprit, i just disabled it. Anyways i don't use copilot now..
Comment on answer 4: Same here, copilot was the culprit
Answer 5: This is usually caused by the GitHub Copilot extension. See issue here
You can fix it by overriding the settings per language file in the VS Code settings.json file.
[code]"
U008,64931385,https://stackoverflow.com/questions/64931385,Green Cappy,2020-11-20,"Title: How to activate intellisense in VScode? (c#)
Question: I just want to activate autocompletion in VS code. There's a lot of answers to that questions but NONE of it actually helped me. (so please don't mark as duplicate when other answers DON'T help) Apparently, you have to press ""Ctrl+Alt+Spacebar"" but this doesn't work or me. I don't see any option in the nav menu to toggle a completion mode either. Or maybe you need to create a file in your folder? I don't know! non of this worked and I don't even know how it did work when I've seen intellisense! So please help me find a way to do this, and it'll better if this would be permanent. Thanks.
Answer 1: First you must have an internet connection.
Then you should find extensions sidebar in vs code(you can open it by press 'Ctrl+Shift+X' or open it in top of the screen, View->Extensions).
After that you should search for C# extension that made by Microsoft(search C# in search textbox and click on first result)
Picture of searching C# extension
Then install that extension by clicking on install button
Wait a few minutes to install (e.g it took 15 minutes for me)
Now you have C# extension.
After that you should close the VsCode and open again.
Now you have auto completion (if not, you probably should press 'Ctrl+Space' while coding)
If you want to have smart auto completion, VsCode doesn't have IntelliCode for C#. IntelliCode is just for Visual Studio.
But you can use Tabnine or Copilot extension(you can search and install it like installing C# extension but you should search tabnine instead of C#)
Tabnine is good but it couldn't help me like Intellicode in Visual Studio."
U009,68226649,https://stackoverflow.com/questions/68226649,zain,2021-07-02,"Title: VSCode not auto closing parenthesis in JavaScript files
Question: I am using VSCode for coding my projects but while it adds parenthesis and curly braces in other types of files it doesn't auto adds in js files or JSX files
see here:
https://i.sstatic.net/Okl3d.gif
I have researched for it and I found that I need to change the Editor: Auto closing Brackets settings and I have set it to languageDefined but still it is not auto-closing the parenthesis
https://i.sstatic.net/eLOtJ.png
Please answer how to fix that
Answer 1: Apparently this is a bug in VSCode 1.57.x: https://github.com/microsoft/vscode/issues/127739
For similar issues just search ""auto closing"" in the issues: https://github.com/microsoft/vscode/issues?q=auto+closing
Answer 2: Actually, this is an issue defined by an extension... are you, by any chance, using copilot?
Comment on answer 2: Thank you. Fixed that by removing copilot extension
Answer 3: go to settings and edit settings.json
[code]
Comment on answer 3: if you are unable to fix please let me know."
U010,68243449,https://stackoverflow.com/questions/68243449,Jayy,2021-07-04,"Title: VS Code suddenly stopped closing parenthesis, brackets and curly brackets
Question: VS Code suddenly stopped closing parenthesis, brackets and curly brackets. This started 2 days ago. I have deleted the extensions I added during these 2 days but no use.
This happens only in JavaScript files, btw.
what could cause this issue with VS Code? Has anyone else run into it before?
Comment on question: First, try restarting and check if it is working, if that doesn't work uninstall it completely and reinstall.
Comment on question: turns out it was github copilot causing this issue for javascript files.. had to remove it to work.
Answer 1: Github copilot was causing this issue. In case someone faces the same issue, disable GitHub Copilot, reload VS Code, and it should work.
if you do not want to disable co-pilot, you can add the following to your vscode settings.json:
[code]
Answer 2: I faced a similar issue to that. Remove or disable GitHub Copilot from VS Code and then restart VS Code.
It worked for me; I hope it works for you. If not, please do let me know."
U011,68253302,https://stackoverflow.com/questions/68253302,harunB10,2021-07-05,"Title: GitHub Copilot Commands not working and showing error
Question: I have installed GitHub Copilot just for the sake of testing. However, none of the commands work.
For example if I try CTRL + Enter I get this error message:
command 'github.copilot.generate' not found
I am trying it with JS file.
I have latest Visual Studio Code and Copilot installed.
Answer 1: NOTE: There is a thread on the official Copilot discussion board on this issue here.
Disclaimer: these are a bunch of things I tried that didn't work, but may work for you.
I have access to Github Copilot as well but get the error:
command 'github.copilot.generate' not found
Tried reloading and reinstalling it as well through vscodes ui.
Went in and manually went through the process of completely deleting it explained here.
Afterward, I logged out of my Github account attempted to install Copilot then logged back in when the prompt was displayed, again no luck.
Tested running both CTRL+ENTER and Alt+\ , neither of them did anything.
After I tried:
Developer: Reload Window
But that didn't do anything.
Checked the discussion forums and they had a solution for:
command 'github.copilot.toggleCopilot' not found
Which was to simply uninstall then reinstall copilot then run CTRL+R (Developer: Reload Window), this too didn't work out.
There's a good chance that all you'd have to do is retrigger the authentication flow considering that the developer tools console reports that copilot is ""missing an auth token"" (but no one knows how to retrigger it).
In addition to the above, I tried running CTRL+SHIFT+P then ran ""Open Copilot"", which resulted in the error
Command 'Open Copilot' resulted in an error (command 'github.copilot.generate' not found)
From this discussion post on another forum with a similar issue, apparently, this is an issue with command registration.
This specific comment seemed most relevant
Uninstall Python extension (if you have pylance uninstall it first).
Close all instances of VS Code.
Go to,%USERPROFILE%/.vscode/extensions (on windows) or
~/.vscode/extensions on Linux/Mac.
Delete any folder with the name starting with ms-python.python*
Start VS Code, and install Python extension (also pylance if you
uninstalled it in step 1).
Of course, you'd have to apply this to Copilot so...
Uninstall Copilot
Close all instances of vscode
Go to, %USERPROFILE%/.vscode/extensions (on windows) or ~/.vscode/extensions on Linux/Mac.
Delete all instances of Copilot
Go to, %USERPROFILE%/AppData/Roaming/Code/CachedExtensionVSIXs
Delete all instances of Copilot
Start and install Copilot
This too didn't work.
If I were to guess this would be solvable via retriggering the authentication flow.
Comment on answer 1: On mac you need to delete ~/Library/Application Support/Code/CachedExtensionVSIXs/github.copilot*"" as well (this is the mac version of step 6)
Comment on answer 1: I have the same issue when connected to my work VPN. If I disconnect from the VPN it work
Answer 2: I don't know how this ties in but maybe it will help.
I have several times gotten a page saying that Copilot installed but wasn't done yet, and that I could finish the process by pasting an auth code into the ""sign on to Github"" link found in the VSCode status bar.
No such sign-on link ever showed up in my status bar but the auth code looked like this:
vscode-insiders://vscode.github-authentication/did-authenticate?windowid=1&code=65....
but I have found no place I can run that where it produces the desired result. At best I end up back at the waitlist sign on page.
Answer 3: I had already signed up for the Technical preview and also accepted the invite for the same. Even after being signed in to VS Code using the same account, I had this error. This solution worked for me:
Sign out of my account from the Accounts section of the left
sidebar on VS Code
Sign in again using the same account in which invite was received
Answer 4: This happens when you have failed to authenticate Copilot with Visual Studio Code.
If you had a missed authentication flow the flow can be re-triggered by clicking the VSCode Notifications icon on the status bar and clicking on the Sign in to Github notification.
If you have lost the authentication flow notification from the notifications panel, re-installing the Copilot helps.
TIP: To make it easier to sign in, make sure you are already authenticated on github.com on the default browser.
Answer 5: You can open the extensions tab or press ctrl + shift + x to look at the copilot extension.
you may reload it if you have authenticated with your GitHub account before.
Answer 6: Click on the bell button on bottom right-corner of the Visual Studio Code Editor
Press 'Agree' button
Thats it!
[image]
Comment on answer 6: There is no alert for me. The alert button just says ""no notifications""
Answer 7: I found that the reason was because my account never prompted me to allow the access as one of the top answers shows. It may have something to do with a firewall or other permissions (or bugs) on your machine. If you have access to another computer you can try to use Co-Pilot and see what happens. For me, everything worked on the second computer. Then you could compare and see what is different. In my case, it was my work's VPN that didn't allow. Once I disconnected from the VPN or tried another device, it worked fine.
Answer 8: Just log out your github account and re-log-in it in VSCode
Comment on answer 8: As it’s currently written, your answer is unclear. Please edit to add additional details that will help others understand how this addresses the question asked. You can find more information on how to write good answers in the help center.
Answer 9: In OSX this worked:
On a previous try, I had logged in to the wrong GitHub account. Be sure to be logged in with the correct GitHub account in the browser. Delete the extension from VSCode. Then open the Keychain Access -app and delete GitHub keys from there. After that install the extension and now it gets the correct authorization.
Answer 10: Check if you behind a firewall or proxy
Answer 11: Have you got the copilot beta? If not, you cant use it!
Comment on answer 11: Your answer could be improved with additional supporting information. Please edit to add further details, such as citations or documentation, so that others can confirm that your answer is correct. You can find more information on how to write good answers in the help center.
Comment on answer 11: This does not provide an answer to the question. Once you have sufficient reputation you will be able to comment on any post; instead, provide answers that don't require clarification from the asker. - From Review
Answer 12: Step 1:
First you need to login with same Github account you use for copilot beta signup, in your default browser.
If you mistakenly did something wrong here, just uninstall the extension and reload it, and then repeat step 1.
Answer 13: Updating Github Copilot helped (for NVim + Vundle I did :BundleUpdate).
Answer 14: When you get approved from waiting list you will got on your email something like this:
Welcome to the Copilot chat private beta!
You're off the waitlist and can start using Copilot chat.
Download and install Visual Studio Code - Insiders
Already on the Insiders build? Make sure you are on the latest version!
In VS Code Insiders, go to the Extensions tab (Cmd+Shift+X) in the activity panel and search for and install the GitHub Copilot Nightly extension.
If you have not previously authorized VS Code Insiders in your GitHub account, follow the steps to do so, you will be prompted to sign in.
A new Chat icon appears in the activity panel. Click on it to see the conversation interface.
If that doesn't work, restart the editor and authorize GitHub Copilot to see the chat window.
After that you gonna see chat icon on the left and when you select the code with right click on mouse you gonna have Copilot -> Explain this or start code chat, and that's it!
easy peasy
hope this will help"
U012,68258732,https://stackoverflow.com/questions/68258732,Aviral,2021-07-05,"Title: Is VS Code auto bracket closing feature working for you?
Question: The VS Code auto closing brackets feature is not working for me.
Whenever I type (, it won't close it and I have to do it manually.
Even when I set my auto closing brackets settings to always.
[image]
Is there a way I can fix this issue? And is the same issue happening with any of you?
Comment on question: Maybe some extension messes up with keybindings or overrides the default type command? Does it work when running with extensions disabled code --disable-extensions
Comment on question: yes then it is working but then how will i identify which extension is messing it up
Comment on question: and how to enable extensions again?
Comment on question: They will be disabled temporarily. Actually, you can run Help: Start Extension Bisect from Command Palette to start searching which extension is the cause.
Answer 1: For me Github Copilot was creating the problem, if anyone else is having trouble.
Answer 2: If you have Github Copilot maybe that is the problem. I uninstall that and problem solved"
U013,68260233,https://stackoverflow.com/questions/68260233,Bajdzis,2021-07-05,"Title: What is the name of the element that github copilot uses to highlighting text?
Question: I would like to make a control similar to the used by github copilot. I mean highlighting the proposed text. Live share extension uses a very similar approach. What is the name of this control?
Control in live preview extension:
[image]
Control in copilot extension:
[image]
I guess it could be TextEditorDecorationType? However, I do not know how to style it so that the author is absolutely positioned :/
Answer 1: You can create a similar experience using Text Editor Decorators. These decorators allow you to use custom style patterns for any text in a document (including foreground and background colors).
The text highlighting examples that you have visualized above, are simply adding a a background color to a span of text that has been selected by a user, or suggested by an extension.
As an example: if you wanted to add custom highlighting for console.log:
[image]
Then you could use the following:
[code]
Reference Link"
U014,68264645,https://stackoverflow.com/questions/68264645,human,2021-07-06,"Title: Why isn't Visual Studio Code autoclosing parenthesis
Question: Whenever I open a parenthesis, VS Code is supposed to automatically close it but it's not doing that. I have not changed anything with my VS Code so I don't know why this would be happening.
Comment on question: It is due GitHub co-pilot disable it
Answer 1: Fix: Disable GitHub Copilot extension if you have it"
U015,68323142,https://stackoverflow.com/questions/68323142,Victor Hugo Terceros,2021-07-09,"Title: Is there any way to install GitHub Copilot in Visual Studio 2019 (not Visual Studio Code)?
Question: I am looking in the marketplace but it seems only available for vscode?
https://marketplace.visualstudio.com/items?itemName=GitHub.copilot
Comment on question: try vs 2022 preview
Answer 1: Github Copilot is currently only available as an extension for Visual Studio Code, with other integrated development environments to potentially follow.
Comment on answer 1: Is it still not available for VS 2019 or 2022 ?
Comment on answer 1: @Peck_conyon It's only available for Visual Studio 2022 17.1 or later.
Answer 2: No, not at the time... The only way is trying with Resharper, beacuase it uses the same base of IntelliJ, so you can install GitHub Copilot too
Answer 3: GitHub Copilot now available for Visual Studio 2022
https://github.blog/2022-03-29-github-copilot-now-available-for-visual-studio-2022/#:~:text=Once%20you%20have%20received%20an,install%20the%20GitHub%20Copilot%20extension.
[Edit]
It is no more free now, You can have a free trial period of a month, then it is paid one.
[image]
[Edit - 10/09/2022]
It is available for Free (Education purpose)
For Students (Link)
For Teachers (Link).
Comment on answer 3: As far as I know, it is free for students."
U016,68347605,https://stackoverflow.com/questions/68347605,canaan seaton,2021-07-12,"Title: VSCode not adding closing brackets with correct settings
Question: My vscode editor is set to automatically add closing brackets/parenthesis but does not add them. This is a new issue that only recently began. Has anyone else experienced this issue with global vscode settings?
Answer 1: This may be caused by the new vscode extension GitHub Copilot.
Update your settings.json like the following...
[code]
This can become an issue as the new GitHub Copilot will override some settings in settings.json file. In order to take back control from the GitHub Copilot extension you must specify some rules like editor.autoClosingBrackets on a per lang basis.
Comment on answer 1: Please update your answer with the actual configuration you are using rather than a screen shot.
Comment on answer 1: I updated the original answer to reflect what I did to fix the issue. :)
Comment on answer 1: You can now change this for all languages in the UI Settings. Open Settings and search on brackets. The dropdown for Auto Closing Brackets has several options including always and beforeWhitespace."
U017,68409055,https://stackoverflow.com/questions/68409055,KReEd,2021-07-16,"Title: Iterate through each rows of a column and perform operation
Question: I have my data -
[code]
What I want as my output is -
[code]
There are a lot of methods to perform this, but I want to perform this with this logic -
iterate through each rows of column-names, and store each value in 'st1' and then ->
[code]
and also assigning it to dataframe one by one, please help me to get my desired output in python.
Answer 1: Create the dataframe as you did before, then iterate over all rows of names and categories and split the names through -s and append them to a new dataset which is then converted into another DataFrame like this:
[code]
printing the new dataframe results in:
[code]
Answer 2: You could just do it like:
[code]
Comment on answer 2: yes i knew this, but i need to insert for loop
Answer 3: I'm testing out github copilot to see how it can solve stackoverflow issues.
[code]
Output:
[code]
Comment on answer 3: Wait, that should be illegal. Instead of solving the problem, you are just asking Github Copilot to solve............ Just kidding but it's worth a thought.
Answer 4: Since you want to iterate through each of the rows in your DataFrame and work with them individually, you'll need to use some NumPy to get your work done. Since you want to split the rows, .partition() works similarly to .split() in Pandas, but not in NumPy.
Here are the packages you'll need:
[code]
Before you can iterate through your rows, you'll need to use .insert() to create a new column named ""division"" (I use np.nan as a place filler, but you can use any value you want:
[code]
Now you can iterate through the rows using Pandas' iterrows() method.
[code]
This is the output:
[code]"
U018,68418600,https://stackoverflow.com/questions/68418600,dudulu,2021-07-17,"Title: The key of the dict in the python array is the most frequent
Question: I have an array with some dictionaries in it.
Although the following method can be achieved.
But I have to do some more processing on the returned value, which I think is very bad.
Is there a better way?
[code]
{'name':'B'} appears the most times.
Where is the data array {'name':'B'}?
According to the above example, I want to get 4.
But the code above has to be processed by the for loop again, which I think is very bad.
Comment on question: There's more elegant wats like use itertools or convert to Pandas series and use count_values() but both of them works like a normal loop. Actually I think there's no way you can do it without check all the list items.
Comment on question: using 2 separate for loops does not affect the time complexity of your solution. At the end O(kn) = O(n)
Answer 1: Hey I used github copilot to see how it will solve this problem
[code]
Output:
[code]
Comparisons of time:
[code]
a < b? Yes
Comment on answer 1: The most frequent in data is {'name':'B'}, what I need is the position of {'name':'B'} in the array.
Comment on answer 1: I can also write a method to solve the problem like you, but what I want is whether I can get the answer I want without using the for loop .
Comment on answer 1: But write one more method so that the code is still very long. I don't like it.
Comment on answer 1: Copilot rewrote the code to find the position of {'name': 'B']} as well. Sorry the function is too long, but it's faster and simpler to your solution. I'll see if you can do it without for-loops.
Comment on answer 1: I don't think you can solve this without for loops.
Answer 2: Here is what you can do
[code]"
U019,68496733,https://stackoverflow.com/questions/68496733,user14265379,2021-07-23,"Title: Auto closing brackets in VS code
Question: Maybe I used a wrong shortcut, but my VS code does not close brackets ans parenthesis anymore
For example, when I typed : function (, VSCode used to close it automatically (function()). Same with brackets.
In my settings, ""auto closing brackets"" is on Always.
Any idea ?
Answer 1: Finally found the solution !
The problem was the extension : GitHub Copilot.
Copilot settings are not compatible with default VSCode settings."
U020,68528884,https://stackoverflow.com/questions/68528884,norbekoff,2021-07-26,"Title: GitHub command 'github.copilot.generate' not found
Question: I have installed GitHub Copilot I have got an access to use it too but when I try CTRL + Enter I get this error message:
[code]
I tried uninstalling and reinstalling, but still no change.
Edit: I discovered that GitHub copilot actually works on my laptop, but not on my desktop even though they are signed in to the same account that has access to use the extension. I tried completely deleting vs code from the laptop but it didn't help too.
Comment on question: Does this answer your question? GitHub Copilot Commands not working and showing error
Comment on question: none of it worked for me
Comment on question: Any chance you are connected to a VPN on the computer it's not working? I have the same issue and when I tried disconnecting from my work VPN copilot worked (I restarted copilot after disconnecting)
Answer 1: This worked for me on Windows
Go to %USERPROFILE%/AppData/Roaming/Code/CachedExtensionVSIXs
Delete all copilot files and reopen vsCode.
Comment on answer 1: command 'github.copilot.generate' not found"
U021,68944794,https://stackoverflow.com/questions/68944794,Lukelele,2021-08-26,"Title: How to format the auto filled text in the style used in Github Copilot?
Question: I'm trying to make a extension for VSCode similar to Github Copilot as in it predicts and autofills text directly into the active text editor.
This is how Github Copilot does the autofill:
[image]
After you type the def max_sum_slice , it fills the code suggestion in grey whilst you can edit it, and only display the normal syntax highlighting colours after you press tab:
[image]
How would I achieve this same effect, is there a single function in the API that would allow this or would I have to implement this myself. Any help is appreciated."
U022,69023142,https://stackoverflow.com/questions/69023142,rafaelpadu,2021-09-02,"Title: TypeError: Cannot read properties of undefined (reading 'prototype') React Typescript + Express
Question: I'm trying to use express at my React-Typescript SPA. But It's giving me the error:
[code]
I've tried adding target: ""node"" to my ""node_modules/react-scripts/config/webpack.config.js"" But it won't work...
Here's some ways I've already tried to solve it:
[code]
Comment on question: I think the problem is you forgot to instantiate app with const, var, or let for the first example, since it should work.
Comment on question: duplicate: stackoverflow.com/questions/56880311/…
Comment on question: @KennethLew sorry I copied incorrectly, but my I was using const app = express()
Comment on question: @KennethLew I saw that post, but It didn't work for me...
Comment on question: perhaps try import * as express from ""express""
Comment on question: @KennethLew still won't do it...
Comment on question: How did you fix it?!
Comment on question: I didn't. I switched to axios... =/
Answer 1: You have to instantiate both the app and express, use the const keyword as well.
[code]
Also, look for anywhere in your code base where you have:
[code]
Often this is put in by mistake and removing this line may solve the error
Comment on answer 1: Thanks a lot. It was this thing: ""import { response } from 'express"". Spent an hour looking for the problem, you saved me a log of time)
Answer 2: Faced same issue
it was imported under
[code]
not sure cuz of any random IntelliSense extension or maybe the GH copilot auto-completion
Comment on answer 2: YES my VSCode added that line to the top of my file randomly.... thank you !"
U023,69120036,https://stackoverflow.com/questions/69120036,Jessin Ra,2021-09-09,"Title: Github Copilot Stop Working, Error parsing extraData: service unavailable
Question: I was using github copilot up until recently (probably early Sept 2021), and suddenly notices that copilot stop showing suggestions.
I inspected the logs in the VSCode and it shows similar output every time
[code]
I tried to search for this issue (google, StackOverflow, GitHub issues, etc.), and unfortunately still no answer to this. Was wondering if anyone experiencing a similar issue and maybe have found the solutions? Thanks.
Answer 1: Apparently, I managed to solve this with the classic sign-out-sign-in solution.
Signing out from your GitHub account in VSCode
Close VSCode
Open VSCode, copilot will prompt you to sign in to GitHub to use the feature.
Voila, copilot working again
Answer 2: Go to extensions tab then search for copilot, when it appears select it and update it to the new suggested version then reload the VSCode editor, when you reload copilot will prompt you to accept the telemetry terms, click Agree to continue using this extension :
[image]"
U024,69122354,https://stackoverflow.com/questions/69122354,Raashid,2021-09-09,"Title: Convert at::Tensor to double in C++ when using LibTorch (PyTorch)
Question: In the following code, I want to compare the loss (data type at::Tensor) with a lossThreshold (data type double). I want to convert loss to double before making that comparison. How do I do it?
[code]
Answer 1: Thanks to GitHub CoPilot which recommended this solution. I guess I should leave my job now. :(
The solution is using the item() template function as follows:
[code]"
U025,69659951,https://stackoverflow.com/questions/69659951,Lavkant Kachhwaha,2021-10-21,"Title: Github Copilot : Extension host terminated unexpectedly VS Code
Question: Github Copilot v1.5.3295
VSCode Version : 1.61.2 Arm64
Apple M1 Chip
[image]
[code]
Answer 1: This issue caused by this plugin, disabled this plugin and now working fine.
100-days-of-code
https://marketplace.visualstudio.com/items?itemName=softwaredotcom.swdc-100-days-of-code
and Code Time v2.6.1
https://marketplace.visualstudio.com/items?itemName=softwaredotcom.swdc-vscode"
U026,69740880,https://stackoverflow.com/questions/69740880,Docmaillou,2021-10-27,"Title: How to make Github copilot use single quotes
Question: how to make Github copilot use single quotes instead of double quotes ?
I checked the VSCode settings and can't find it
Comment on question: Please clarify your specific problem or provide additional details to highlight exactly what you need. As it's currently written, it's hard to tell exactly what you're asking.
Comment on question: i have the opposite problem. i want double quotes, but mine is using singles.
Answer 1: GitHub copilot adapt to your coding practices,so, just keep writing code and it will start suggesting single quotes after some lines or you can explicitly ask in comment to use single quotes."
U027,69756439,https://stackoverflow.com/questions/69756439,Agr Acabdia,2021-10-28,"Title: Install Neovim 0.6 Prerelease in Raspberry Os (Debian)
Question: I'm trying to test copilot.vim in my raspberry Pi.
I installed all but when I try to use :Copilot appear the next message:
Copilot: Neovim 0.6 prerelease required to support ghost text
I was searching but the last beta version of Neovim released is 0.5.1
Answer 1: GitHub Copilot is an AI pair programmer which suggests line completions and entire function bodies as you type. GitHub Copilot is powered by the OpenAI Codex AI system, trained on public Internet text and billions of lines of code.
Copilot.vim is a Vim plugin for GitHub Copilot. For now, it requires a Neovim 0.6 prerelease and a Node.js installation.
To learn more about GitHub Copilot, visit https://copilot.github.com.
Answer 2: Just install the neo-vim nightly pre-release.
Download the appimage, and move it to a directory indexed in PATH so you can invoke it by typing nvim
[code]"
U028,69768867,https://stackoverflow.com/questions/69768867,Jatin Mehrotra,2021-10-29,"Title: Why does github copilot autosuggesions are not autofilled in .md files?
Question: I am trying to create github README in .md file, i can see github actions suggestions but when i try to auto fill by tab, it doesn't work. the same does work files having .js extension
I dont want to copy past by hitting CTRL+ enter and paste from suggestions
Comment on question: Good question. I'm having the same issue.
Comment on question: I started a discussion in there forum: github.com/github/feedback/discussions/10203
Answer 1: Disable Markdown All in One, and it will work or to keep markdown all in one follow these steps:
update your keybindings.json (Ctrl+Shift+p)
find Preferences: Open Keyboard Shortcuts (JSON)) by adding the following:
[
{
""key"": ""tab"",
""command"": ""markdown.extension.onTabKey"",
""when"": ""editorTextFocus && !inlineSuggestionVisible && !editorReadonly && !editorTabMovesFocus && !hasOtherSuggestions && !hasSnippetCompletions && !inSnippetMode && !suggestWidgetVisible && editorLangId == 'markdown'""
},
{
""key"": ""tab"",
""command"": ""-markdown.extension.onTabKey"",
""when"": ""editorTextFocus && !editorReadonly && !editorTabMovesFocus && !hasOtherSuggestions && !hasSnippetCompletions && !inSnippetMode && !suggestWidgetVisible && editorLangId == 'markdown'""
}
]"
U029,69771890,https://stackoverflow.com/questions/69771890,otoo,2021-10-29,"Title: Print all n-digit numbers whose product of digits equals to given product python
Question: enter image description hereDisplay 3-digit prime numbers that have the product of digits equal to a given p-value.
Example: For p = 9 the numbers 191, 313, 331, 911 meet the conditions of the problem.
I found a code that does this just to find out their amount but not the product.
I need to find out what I change in the program to find out the product, not the amount.
Here is the code to be solved in python:
[code]
Answer 1: Disclaimer: this code was written by Github Copilot with minimal supervision.
[code]
Comment on answer 1: thank you very much
Comment on answer 1: you know how to say it's never too late to thank"
U030,69774249,https://stackoverflow.com/questions/69774249,Vibhor Gupta,2021-10-29,"Title: how to find the sum of all the prime numbers between 1 and 50 in java?
Question: i have the following code, but the answer is coming out to be 2.
[code]
Comment on question: If you want to stick to your current logic: you need to move count declaration inside the outer loop and then move the if count check after the inner loop.
Comment on question: The sum of all primes between 1 and 50 is a constant... So why write code for it?
Comment on question: In the spirit of @Yunnosch comment: System.out.println(""The sum: 328"");
Comment on question: Oh come on, I'm pretty sure we understand the assignment and its purpose.
Answer 1: Disclaimer: this code was written by Github Copilot with minimal supervision.
[code]
Prints:
[code]
Answer 2: Maybe a minimal version with recursive method based on Aivean response:
[code]
Answer 3: You were close. But here is all you need.
first, set sum to 2. It is the only even prime and doing this allows a better increment below
now increment the test cases starting at 3 and incrementing by 2. Skip even values.
now divide by each test case by numbers from 2 to the sqrt(i). No need to go beyond that.
as soon as you have a successful division, end the inner loop and start the next of the outer loop.
otherwise, if the inner loop completes, add i to sum.
[code]
An improvement would be to store the primes as they are found and then only divide by those instead of arbitrary numbers."
U031,69802076,https://stackoverflow.com/questions/69802076,user14370029,2021-11-01,"Title: BigInteger Extended Euclidean Algorithm recursion error
Question: I am trying to make an extended euclidean algorithm with the BigInteger.
but I am keeping getting the error that
Exception in thread ""main"" java.lang.ArithmeticException: BigInteger divide by zero
I searched on google and it says that I might get an error because of the noninteger division
How should I solve this problem?
[code]
Comment on question: There is no way to do ""noninteger"" division with BigInteger, and certainly no noninteger division is present in your code. The error occurs in the line BigInteger[] vals = gcd(q, p.remainder(q)); because q eventually becomes 0. By checking the gcd identities you can verify that gcd(0, a) = abs(a). Your code computes the gcd(0, a) as 0, which is wrong.
Comment on question: q must have been zero, as remainder and divide may complain. That might happen for an older p and q with p.remainder(q) being zero.
Comment on question: p.divide(q) what makes you certain that q is never 0?
Answer 1: Here is the working variant, produced by Github Copilot (verified by me):
[code]
Note: when p=0 it returns q and vice versa.
The difference from your code, is that it checks that q != 0 (which is bound to become 0 at some point), instead of p != 0.
Tests:
[code]
Comment on answer 1: seems to me that it would be more useful to simply point out that if (p.equals(BigInteger.ZERO)) should be testing q instead of p, rather than post a complete function"
U032,69827293,https://stackoverflow.com/questions/69827293,dfmaaa1,2021-11-03,"Title: encodeBase64 and decodeBase64 not visible
Question: So, I used Github copilot to generate an AES encryption/decryption snippet.
This is the code:
[code]
It looked good, so I pressed TAB.
After I tried compiling the main class, this happened:
[code]
How can I make these exceptions go away?
Comment on question: What java version are you using?
Comment on question: Base64 is only available since java 8
Comment on question: Which Base64 class is being imported? There are loads of them. But new Base64.encodeBase64(encrypted) is almost certainly wrong... I suspect you mean Base64.encodeBase64(encrypted) - no new there.
Comment on question: @MiltonCardoso openjdk 11.0.11 2021-04-20 OpenJDK Runtime Environment (build 11.0.11+9-Ubuntu-0ubuntu2.20.04) OpenJDK 64-Bit Server VM (build 11.0.11+9-Ubuntu-0ubuntu2.20.04, mixed mode, sharing)
Comment on question: @JonSkeet That's what github copilot pasted, but that also didn't work, same error
Answer 1: For java.util.Base64, use Base64.getEncoder().encode(...) and Base64.getDecoder().decode(...).
[code]"
U033,69837030,https://stackoverflow.com/questions/69837030,dbld,2021-11-04,"Title: Tab does not tab and lets me out the code
Question: I am working with ipynb file on Visual Studio Code. (with Github Copilot)
I thought it would provide tab or Copilot autocomplete when I press Tab key in a code block.
But it didn't, and let me out the code block - just like when I'm using Tab in a webpage.
I checked the Keyboard Shortcuts settings, but what I got were only the followings:
[code]
I don't have any idea to fix this problem. How can I prevent Tab from popping me out of the codeblock?
Answer 1: On the bottom right in the status bar it will say ""Tab Moves Focus"". Press ctrl + m.
Comment on answer 1: Perfect. I appreciate you so much."
U034,69838701,https://stackoverflow.com/questions/69838701,CHANDRU R,2021-11-04,"Title: How to accept the code the suggested by vs code
Question: [image]
Actually I have started to write a for loop, My VS Code AI or GitHub Copilot I don't know what it is but completed my code, but I don't know how to accept the code when I press enter or space the code disappears is there any shortcut to print the code. I am noob to VS Code and Stack Overflow, hope you understand what I am asking.
Comment on question: Note that there are cases where pressing Tab does not work. Here's a GitHub Issue that might help then.
Answer 1: enter or space will not do that, maybe try pressing the ""tab"" key, it will automatically fill in the code.
Answer 2: Simply hit the Tab key to accept CoPilot's suggestion."
U035,69857248,https://stackoverflow.com/questions/69857248,M&#225;rcio Mocellin,2021-11-05,"Title: Conflict between GitHub Copilot and R's extension in vscode
Question: I can't execute my R code using GitHub's Copilot in Visual Studio Code. The R extension is @ext:ikuyadeu.r
The problem is probably that they use the same command.
r.runSelection: ""Ctrl+Enter""
github.copilot.generate: ""Ctrl+Enter""
I edited the keybindings.json
[code]
and settings.json:
[code]
But it was not successful.
Answer 1: Ctrl+Enter is probably still active as a keybinding for Copilot. You can disable it by adding this to your keybindings.json. Note the - in front of the command.
[code]"
U036,69918631,https://stackoverflow.com/questions/69918631,Oscar Cely,2021-11-10,"Title: Comparing two dates in Go using string types
Question: Recently, I've had been trying to find a way to know if a given date is greater or equal than today. The GitHub Copilot has suggested I should use the following algorithm:
[code]
So, I've tried with some testing dates and, the result is always correct. However, I'd like to know whether if this is a good way to make date comparisons or it may lead to a wrong response at any moment?
Thank you in advance.
Answer 1: If you represent both dates with equal number of digits (same width for all year, month and date values), and since the order of fields are from higher priority to lower (year -> month -> day), this will always be correct (string comparison also proceeds from left-to-right).
Note: When the year reaches 10000, this comparison may give wrong results, because the first assumption will not be true (same width for all year values). If you want to handle years beyond 9999, you'll have to represent years with 5 digits, so 2021 must be written as 02021.
Comment on answer 1: Clear, concise, and practical. Thank you very much!
Answer 2: I think you would get more predictable results working with time in unix format, but the way your doing it right now is faster.
[code]
Comment on answer 2: It's a good idea too! Thanks!"
U037,69954625,https://stackoverflow.com/questions/69954625,daniel ernest,2021-11-13,"Title: Re-enable Visual Studio Code GitHub authentication
Question: For absolutely no reason that I may think of, the Visual Studio Code built-in Git SCM stopped working, only returning authentication failed, not only in Visual Studio Code, but also in the terminal.
A weird thing is that last night it was working fine. Just to wonder today it’s not working any more.
I use Ubuntu 21.04 (Hirsute Hippo), and I have two-factor authentication enabled in GitHub.
I tried to create a personal access token, but I can’t find anywhere to put it for Git SCM in Visual Studio Code to work correctly across all repositories without exposing it.
By Visual Studio Code Git SCM stopped working I mean:
Can't pull/push to a remote repository using the built-in Git extension in Visual Studio Code
Can't issue the clone command for private repositories
How can I re-enable the extension functionalities, without using email and password or appending access token before the remote URL path as specified here?
PS: I have the GitHub Copilot Git extension enabled and it’s authenticated properly in Git (properly working)
Comment on question: 1. which ""VSCode git-scm"" plugin do you mean? (there are like hundreds) 2. git or github ? (need more details)
Comment on question: @xerx593 1. Please recall that I just pointed it to be ""BUILT-IN"" in VSCode. 2. giti failed to authenticate to GitHub, or did I miss a thing?
Comment on question: Re ""returning authentication failed"": What is the full error message? E.g., does it include ""remote: No anonymous write access.""? Please respond by editing (changing) your question, not here in comments (without ""Edit:"", ""Update:"", or similar - the question should appear as if it was written today).
Comment on question: This is a super FAQ (because it affects so many). A candidate for the canonical question is fatal: Authentication failed for (despite the unspecific title).
Answer 1: Check first if your remote URL is an HTTPS one (in command-line: once this is working there, you can switch back to VSCode):
[code]
If HTTPS, check what credential helper is used to cache your credentials. An old password might be cached, which is no longer valid, since now only PAT (Personnal Access Token) are allowed (following the Aug. 2021 policy change).
The follwoing works, even in a simple Windows CMD shell (no git bash required), as long as you have set the PATH:
[code]
Then, from any shell you want, since Git PATH is referenced:
[code]
(replace xxx by the output of git config --global credential.helper)
If this is the wrong ""password"" (ie., not your current token), erase the old one and store the new one.
[code]
(Again, printf works in a Windows CMD as well, if the %PATH% is set as mentioned before)
Comment on answer 1: I don't know what is my xxx since git config --global credential.helper does not return anything. :(
Comment on answer 1: @Jaider Then, if you are on Windows, you can set it to manager-core. If not, install GCM (cross-platform): github.com/GitCredentialManager/git-credential-manager/…
Comment on answer 1: Does a full tutorial for this exist for Windows users? Spent hours monkeying with this crap and still not getting anywhere.
Comment on answer 1: @MC9000 The very same commands are working in a simple Windows CMD shell. I have edited the answer to explain how.
Comment on answer 1: Weird I did exactly that, but my installation was corrupted, so I had to reinstall git. works fine now. Thanks!"
U038,70009436,https://stackoverflow.com/questions/70009436,J&#225;nos,2021-11-17,"Title: Which shortcode need for Visual Studio for Mac to get Intellisense to complete an expression like map?
Question: I have this here: Object.keys(layoutItems).map
I would press something when cursor is at the end of map, and I would expect to have brackets and a variable in place. Which shortcodes I have to press in Mac in Visual Studio?
I know Ctrl + space, but it only show the possible upcoming expressions, but after selecting one, does not puts in as Xcode does in Swift.
[image]
Answer 1: I recommend you join to new Project from Github which is Github Copilot. after using this amazing tool it can suggest to you best sentences to complete your code.
Comment on answer 1: promising, but I would stuck to Visual Studio
Comment on answer 1: Why you don't use it? @János
Comment on answer 1: I like standard things, ready made in visual Studio or Atom.
Comment on answer 1: If Apple or Macrosoft integrat it, I will be happy."
U039,70057979,https://stackoverflow.com/questions/70057979,Sjracvo Htrac,2021-11-21,"Title: how to enable GitHub Copilot in visual studio code
Question: I didn't know how to enable GitHub Copilot authorized users in the visual studio code, and I got a notification of an issue that the GitHub Copilot message couldn't connect to the server. Extension activation failed: User not authorized,I asked for his help in how to resolve this issue,thank you
[image]
Comment on question: Please provide enough code so others can better understand or reproduce the problem.
Comment on question: Any solution? I have this problem too
Answer 1: Maybe:
You’ve been added to the waitlist for the GitHub Copilot technical preview! No need to do anything else—we'll let you know when you can start using it. Just make sure your primary email address is up-to-date!
enter image description here
Comment on answer 1: ""We’re adding people as we have capacity, thanks for your patience and understanding."" -> More information here github.com/github/feedback/discussions/… .
Comment on answer 1: ""Don’t have access yet? Sign up for the waitlist for your chance to try it out. GitHub will notify you once you have access."" -> github.com/features/copilot/signup .
Answer 2: If you have access already and received their email, You can try to close the Visual Studio code window and start it again.
NB: Make sure you are connected to the internet."
U040,70065121,https://stackoverflow.com/questions/70065121,Bek,2021-11-22,"Title: ""Sign in to GitHub"" prompt to enable GitHub Copilot on every VS Code launch
Question: very time I launch VS Code, I am asked to Sign in to GitHub to enable GitHub Copilot suggestions. regardless of doing that many times.
[image]
I'm a bit confused because I also have GitLens extension which works fine.
Anyone else faced something similar?
OS: Ubuntu 20.04.3 Focal Fosa
Comment on question: Maybe better asked at Super User?
Comment on question: Note GitLens uses the local git repo, independent of which remote (if any) you're using, so the fact that that works doesn't really tell you anything about GitHub auth.
Comment on question: Did you ever figure it out? I find it quite annoying as well
Comment on question: @BelgoCanadian nope, I just found a workaround but not a solution. I will post an answer for more details...
Comment on question: Same problem on Windows 10 as of April 2, 2022.
Answer 1: Not a solution but figured out a workaround NOT SAFE. use it at your own risk!
Go to:
Passwords and keys
select Login under Passwords
double click on vscodevscode.github-authentication/github.auth and
hit the delete passwor button
you may also wanna delete vscodevscode.microsoft-authentication/microsoft.login
these two secrets/passwords are associated with vscode and prompts you on every launch if left default(not deleted)
Comment on answer 1: What is this ""Passwords and keys""? Is it in Windows? I'm having a similar issue on Linux.
Comment on answer 1: @ErayErdin that's in Ubuntu, Linux. not sure about windows mate, switched from it some time ago...
Comment on answer 1: I deleted everything vscode/microsoft related (3 items), and it worked!. Thanks!
Comment on answer 1: on ubuntu there's seahorse gui app for managing keyrings
Answer 2: Install gnome-keyring.
yay -S gnome-keyring on arch.
apt install gnome-keyring on ubuntu.
Comment on answer 2: I have tried that when I initially faced the problem but gave it another shot but that wasn't a success... I am not the only one facing this and there's a thread in Github. here's(github.com/microsoft/vscode/issues/…) another person with my outcomes thanks though @Delta
Answer 3: In my case (Archlinux) I hadn't installed a keyring storage thingo - similar to @Delta.
So install it:
[code]
And make sure that it's launched when your log in:
[code]
There appear to be lots of different causes/fixes mentioned in various places on the web, so if this doesn't fix it, keep browsing :)
Comment on answer 3: arch user here, want to confirm this fixed it for me.
Answer 4: It took me whole week to figure this out for Debian using DWM window manager.
If you use dwm or ion3 like me. You need to launch dbus and keyring-daemon.
[code]
This might be done better. But now I have a problem that I have no keyrings on my system. Also as after I've created a keyring with password I couldn't unlock it, because user password didn't work. So here's a workaround:
rm -rf ~/.local/share/keyrings/*
launch seahorse
On top-left (before ""Passwords and Keys"") hit + and choose ""Password keyring"", name it ""Login"" and DO_NOT set password.
Launch vscode, push sign-in button ""Default keyring"" will be created
Pop up will appear with asking to enter new password, do not enter anything, push create
You'll end up with an unlocked two keyrings, and then vscode github copilot login started to work.
Comment on answer 4: This nearly worked for me. I created the login keyring but vscode wasn’t writing to it. Had to set it to default by hand. Now it works!"
U041,70083966,https://stackoverflow.com/questions/70083966,Valeri Buturishvili,2021-11-23,"Title: GitHub Copilot not activation
Question: GitHub Copilot show this error
GitHub Copilot could not connect to server. Extension activation failed: ""User not authorized""
But I have authorized on GitHub
[image]
Comment on question: Hey, I'm guessing you're not approved on the wait list. You can check waitlist status on github.com/features/copilot/signup
Answer 1: Summary:
If you are trying GitHub copilot for the first time, this error indicates that you are not part of the beta invite list. What you can do is you can join the waitlist (https://github.com/features/copilot/signup) and wait for your chance to try the beta.
If you have already got the invitation, then there was an error connecting to api.github.com to request a token to use the Copilot service.
Full Discussion: https://github.com/github/feedback/discussions/7707
Update: Github Copilot is free until August 22, 2022
(https://github.com/github-copilot/tp_signup)
Answer 2: If you already got the invitation:
Try signing out of your GitHub account from your IDE.
Disable and re-enable the Copilot extension.
Comment on answer 2: ""Try signing out of your GitHub account from your IDE""...great suggestion, but how?
Comment on answer 2: @Fatedx In VSCode, in the bottom left corner, there is a user icon. Click on that and you'll see ""github-username (GitHub)"". If you hover it, there should be a ""Sign Out"" option.
Answer 3: If you were previously using the Copilot limited invitation access,
as of June 23, mine got deactivated because Github Copilot will be free only until August 22.
I had to activate my free trial here
Comment on answer 3: This was my case.
Answer 4: To solve this issue follow the below steps.
-First, go to your Github account.
-Go to setting select copilot and click on enable copilot.
-Then select Continue without payment details [image]
-Then allow and tick the check box.
-Now go to IDE and uninstall copilot and again install. then sign in to GitHub.
Answer 5: This is the scenario that happened to me.
I have multiple github accounts logged into my vscode.
In that only one account has access to the GitHub Copilot.
So in order to give access to the token for the subscribed GitHub copilot, you should go to
1. Click the Accounts section at the bottom left side of the sidebar with a profile icon
2. Choose the GitHub profile you need to deactivate copilot.
3. Click Manage trusted extensions
4. Untick GitHub copilot/nightly.
Comment on answer 5: Thank you. Finally, this solution fixed my problem. It was connected to my Company's login and I'm paying on my personal one.
Comment on answer 5: @tibasce It's great to hear that my solution helped you. I hope you have a great day!
Answer 6: There is another open-source alternatives to it called CodeGeeX. The code is available at https://github.com/THUDM/CodeGeeX. Check out the VSCode extension at https://marketplace.visualstudio.com/items?itemName=aminer.codegeex
Also, the model weights can be applied and download.
Comment on answer 6: Is it possible to use this in a web browser (i.e. without downloading it)?"
U042,70179126,https://stackoverflow.com/questions/70179126,Tim Richardson,2021-12-01,"Title: With github copilot installed in intellij, how do I type a tab?
Question: if the copilot plugin suggests a completion, tab gives me the completion.
How do I ignore the completion and just get a tab (e.g. to indent a line in Python)?
Comment on question: ""Esc"" to close completion popup and ""Tab"" to add indent.
Answer 1: ""Esc"" to close completion popup and ""Tab"" to add indent (from https://stackoverflow.com/users/8203759/konstantin-annikov)"
U043,70193935,https://stackoverflow.com/questions/70193935,RowSalmon,2021-12-02,"Title: How to sort a Vec of structs by 2 or multiple fields?
Question: example
[code]
Lets say I have a simple setup like this ^. I want to sort my_vector list of say 100 items by row AND THEN by column so I get my vector looking like sample 1 instead of sample 2.
sample 1
[code]
sample 2
[code]
Currently I've been working off this post which describes how to sort by a single key with the sort_by_key() function, but the issue i'm having with that is that I can only sort by a single key, and not by two or multiple keys. This results in problems like sample 2, where I get my rows sorted but then my columns in a random order.
I want both my rows and columns to be ordered. How can I do this?, Thanks
Comment on question: Try the sort_by function to use a custom predicate. my_vector.sort_by(|a, b| ...)
Answer 1: u can use sort_by()
[code]
with a and b, u can make condition to return true for sort
link
Answer 2: You can also implement PartialOrd or Ord for MyStruct <module std::CMP>
[code]
playground
Answer 3: By collating the information of the previous two solutions and the help of GitHub Copilot, here is a working solution for a sort by two keys sorting method:
Using the compare argument on the sort_by method for a mutable vector:
[code]
And using:
[code]
Would output:
[code]
Answer 4: Since tuples in Rust impl PartialOrd with lexicographic comparison, you can use the sort_by_key() methods:
[code]
Playground.
Answer 5: I think using match is a better alternative because it compares each pair only once. Using sort_unstable_by might be a bit better because unstable is faster, and because it is possible to make any comparison go in reverse (descending order) -- simply switch a and b for that cmp() call.
[code]
Comment on answer 5: This is just manually implementing Ordering::then()."
U044,70246342,https://stackoverflow.com/questions/70246342,hackedXD,2021-12-06,"Title: How do i make my code editor look like the one on Github Copilot's website?
Question: I know this isn't strictly code related, but i know that vscode is used in the github copilot website. However, how do i get my ide and copilot suggestions to look like that?
Comment on question: choose a nice theme and font
Comment on question: which one for the one on the website tho?
Answer 1: Very hard to tell the exact theme they used there, it might not even exist.
Anyway, the font is this one: Cascadia Code Web, it comes with installation instructions and here it is described how to install it in vs code
For the theme colors, I am not quite sure as I said, but it does look similar to the github dark color theme, just install the extension and press Ctrl+K, Ctrl+T and select Github dark from the dropdown
It's not the exact look, but hope it helps"
U045,70281879,https://stackoverflow.com/questions/70281879,Zachiah,2021-12-08,"Title: What is the final-column CSS Grid layout property and where is it documented?
Question: I was trying to think of a way to make a grid item span all columns. As I was doing this GitHub copilot suggested final-column. It works in Chrome, but I can't find it documented anywhere... I even searched the Mozilla docs on it. for final-column but there aren't any results.
Example of usage:
[code]
Comment on question: It's probably a custom-ident as described on the linked page, not a value. If you can show more of the CSS we could now for sure.
Comment on question: You can name grid areas whatever you want, and that's probably what this is; someone named a grid area ""final-column"".
Comment on question: The last column is -1
Answer 1: I don't think 'final-column' exists as a setting for grid-column-end.
In fact, if you put any old rubbish for that value you seem to get the image extending to the last column.
Try this snippet for example:
[code]"
U046,70404428,https://stackoverflow.com/questions/70404428,Flow,2021-12-18,"Title: How to create checkbox automatic from ajax call (Undefined currently)
Question: Hi I needed some help on making it to auto create a checkbox to my ajax name how can i do it ? I have added the new answer to my code however currently i showing Undefinted with checkbox of the type i realize
[code]
Ajax call sample for options
[code]
this is my json response that i am going to use for the name only
[code]
This is my picture showing undefined [image]
I have try to change with the new anser given but it seem to be getting undefinied x 10 from type
Comment on question: Do a console.log(value) within your loop, this will tell you exactly what you're missing and if there is a value.Name index.
Comment on question: Thanks oh well weird is calling my other ajax call again ? hmmmm
Comment on question: How is console.log() making an ajax call?
Comment on question: OHHHH is working now ..............i realize my query call wrongly is calling the same type for my select option one .... omg
Answer 1: Does this work? Copilot created the code xD
[code]
Comment on answer 1: i got undefined through
Answer 2: [code]"
U047,70408917,https://stackoverflow.com/questions/70408917,SSubedi,2021-12-19,"Title: Next.js/Mongodb Assignment Status for Individual Student in a LMS
Question: I am building a MERN (with Next.js) stack Learning Management System. Currently, I have built the front-end for the Assignments that lists the assignments for that course. For example, if I am logged in, I will see all my assignments for PHIL 204 course if I go to test.com/courses/PHIL204/Assignments. Now, in this table, there is a column that says ""Status"" which tells if the assignment has been started, submitted, or graded (only 3 values). My question is, how do I store/calculate this value? I have Students and Assignments as two collections (out of many) in my DB. My DB is still in dev, so I can easily follow your suggestions. I don't suppose the Assignments col should have a ""status"" field because that would show the same for all students that have that assignment. If you need any code from me, I can provide that. I am seeking help mostly for the logic of what/how to store if a student has started, submitted, or graded(by the prof) that assignment.
Any help would be greatly appreciated. Thank you very much.
Answer 1: Actually, GitHub Copilot suggested me that in the Students schema I have something like this:
[code]
This should work. I will update this thread, if it does not work or if I need to do some more work."
U048,70428218,https://stackoverflow.com/questions/70428218,Abraham,2021-12-20,"Title: GitHub copilot autocomplete one line only shortcut key
Question: Is there a shortcut key to complete the first line only?
[image]
here I wanted to autocomplete only the line line-height: 1.2;, but if I press the tab it will insert the whole suggested code including a new class below.
Since this happens a lot, is there a way only to complete the first line/ line by line?
:) Even looking at the image, don't you get an urge to complete the first line only?
Comment on question: github.com/github/feedback/discussions/7331
Comment on question: You can press ctrl + enter, copilot usually suggest upto 10 solutions at a go, once you click that, you can accept anyone that fit your intent.
Comment on question: Switch to IntelliJ, then you can use github.com/cmp-nct/Stewardess CTRL+ALT+D pressed two times and you'll have the first line completed without the garbage below.
Comment on question: We have forgotten one very small detail sir. I would understand your request if this was code but this is css so ""how is the copilot supposed to read your mind and set the style properties you like, just based on the class name?"". It can merely reproduce what it finds on other examples it has been trained on...
Answer 1: If you're using VSCode, I think it's Alt + \ to toggle inline suggestions, or at least that's what the docs say.Docs
Answer 2: That is annoying, but the answer to your question seems to be no for the time being. Keep in mind that there are updates to the plugin very frequently, so there's still hope:)
Answer 3: I'm on Jetbrains but same thing, it is extremely frustrating that there is no control over the completions.
Right now it's not possible, you need to either take it all or write it yourself as before.
The reason for Github/Microsoft doing that with CoPilot is quite simple: Their #1 marketing strategy is how much more ""efficient"" their users are.
They say 60% of the code is written by CoPilot.
What they do not say or track is that of those 60% users likely delete 95% afterward.
In reality accepting a solution only means that you need a fraction of it, often it's wrong redundant and a multiple of what you want. But that would destroy their metrics.
I'd recommend making a bug report to the plugin developer and hope that enough people do it until it's fixed.
The other option is to hack the plugin itself, I looked into that and it can be done. Though I'm not too fond of that approach.
Comment on answer 3: It was such a problem, I took 2 days to learn Kotlin, plugin development and wrote Stewardess: github.com/cmp-nct/Stewardess Stewardess completes copilot suggestions word-by-word"
U049,70559637,https://stackoverflow.com/questions/70559637,Abraham,2022-01-02,"Title: github copilot giving away API keys? how can I protect my keys?
Question: I have installed and used github copilot for some time. And while working on a google maps project, I was curious and asked it to autocomplete the API url with the key open, and it listed suggestions with various API keys included. This got me worried since it generates codes based on other people code on github.
[image]
At first I was thinking those could be not functional keys, But I found that to be wrong based on this article.
So, how what methods can I use to protect my keys from such happening?
I am thinking uninstalling wont help since my repos are already at github.
Comment on question: Do not check your api keys into git and you are safe :) should not do do this regardless of copilot existing or not.
Comment on question: The best practice is to not commit API keys to your repo. I should note however that this advice is not often listened to in corporate environments. API keys should always be read from a config file and you should never commit your config files along with your code (you may not think this separation is necessary but there may be a time when you will want to share or sell your code to other people and now they have access to your API keys in the git history)
Comment on question: But arent API keys such as google map's are going to be always publicly shown on the frontend? just like in many other big pages, and only protected by security options such as refere restriction...? But google copilot might also list unprotected API keys
Comment on question: Ah, you have committed the SECOND sin of API keys. API keys should never be used in the frontend. People often wonder why there is no solution to the CORS problem when accessing 3rd party APIs but this is on purpose - the 3rd parties don't want you to expose the API keys thus not enabling CORS which forces you to use their API in your backend which will protect API keys (so long as your server is not hacked). Write your own private API endpoints on your server and have your server make the request to 3rd party APIs. Your server should be the only thing that can read the API keys
Comment on question: @slebetman thank you, but isn't it the way google recommends on their doc for google map? to include the API key in the tag src, like [code] on the google map doc
Comment on question: Note that in some strict environments like HIPPA and/or ISO 27001 developers are not supposed to have access to things like API keys used by your app. Only sysadmins (who cannot be the same person as the developer) can have access to configuration data. But generally this only applies if your product need to be compliant like if your website manage medical or banking data.
Comment on question: @slebetman if you want to embed Google Maps in your application, you need the API key to be included in the frontend code. As far as I know, there is no way around that.
Comment on question: Yeah. Google map may be low risk since you are not managing any 3rd party data. Only map locations. So there is little risk exposing Google Map API keys from google's point of view (from your point of view the risk is a script kiddie finding your keys and abusing it and getting you throttled or banned - but that's not google's risk). For other things like Facebook login etc. (which actually give you access to other peoples data) you should not expose API keys to the frontend.
Answer 1: The only way to protect yourself is to not commit any private information to a public git repository.
Your Google Maps API key should be stored in an environment variable or a configuration file, and should never be checked into git.
A common way to do this for modern applications is to use environment variables in production and a .env file in development (that simulates using environment variables but actually holds the content of those variables in a local file). There are ""dotenv"" libraries available for just about every programming language. You will typically also create a .env.example file which you do commit to git that contains examples of all of the environment variables that your application requires, but does not contain actual secret values.
Comment on answer 1: Personally I'd extend this advice to ALL repositories public or private. Private repositories are usually used for commercial code and when you want to sell your code to clients you now have the problem of the client having access to your API keys in the git history or you are forced to sell the code without git history (which some clients may insist on having)
Comment on answer 1: But arent API keys such as google map's going to be always publicly shown on the frontend? just like in many other big pages, and only protected by security options such as refere restriction...? But google copilot might also list unprotected API keys for everyone
Comment on answer 1: @Abraham Yes, Google Maps isn't really such a good example because the API key is visible to anyone who does a View Source on your page. Google does rely on the referer header to prevent other people from using your key, but it's not foolproof. However, there are many other types of API keys or other configuration data that should never be committed to git, and best practices suggest that you should be consistent in how you handle configuration.
Comment on answer 1: @slebetman, I think the best solution at that point is just to delete the api key and make a new one which you manage properly."
U050,70567353,https://stackoverflow.com/questions/70567353,Gustavo M&#225;ximo,2022-01-03,"Title: Is there any way to disable GitHub Copilot comment suggestions?
Question: I really like Copilot however its comment suggestions can be nonsensical and really distracting.
Is there any way to leave the code suggestions on but turn Copilot off whenever I'm editing/adding a comment amidst the code?
Comment on question: Hopefully they'll add a built-in option in the future, but I'm not optimistic.
Answer 1: Here's a workaround I figured out for how to fix the comment suggestions problem! 🚀
The basic idea is to create a keyboard shortcut that we press in order to disable the inline suggestions from popping up. So before we write a comment, we can just press the keyboard shortcut to disable suggestions, then write the comment, and then press the keyboard shortcut to enable suggestions again. It's not a perfect solution, but it works!
To do this:
Install the Toggle extension.
(It's written by a vscode contributor and enables you to toggle settings with keyboard shortcuts. We need to do this because the Copilot extension doesn't actually provide a keyboard shortcut to disable inline suggestions.)
To your keybindings file for vscode, add the keyboard shortcut snippet below. You only need to change the values for key in order to have it work. (As of the time this comment was written, github.copilot.inlineSuggest.enable is the setting we need to toggle here. If they ever change that setting name in the future you'd have to change the below snippet accordingly.)
[code]
For more info on how to setup a toggle keyboard shortcut you can look at the extension page for the Toggle extension. You can also read more info about it here.
Press the keyboard shortcut you set up and notice that the corresponding setting in vscode's settings file changes in response. Cool, you're done!
Note: This will allow you to disable inline suggestions from showing up. But it won't make a current inline suggestion, that's already showing, vanish. Just press Esc in that situation if it ever comes up. Ideally, you'd disable inline suggestions ahead of time before they'll pop up. That way you'll never have to press Esc.
Answer 2: I was annoyed at this too, and failed to find a decent automated solution anywhere on the web. So, I wrote a VSCode extension that watches the TextMate scopes wherever your active selection is, and if it detects a scope that contains comment, temporarily disables Copilot's inline suggestions until your caret is anywhere without a scope that contains comment.
Or, in short, it makes Copilot get out of your way whenever you're writing a comment, and lets it do its magic everywhere else.
Hopefully you can find some use for it as well.
https://marketplace.visualstudio.com/items?itemName=disable-copilot-comment-completions.disable-copilot-comment-completions
Comment on answer 2: Not sure when this worked, ratings suggest it did, but after I installed the extension today, Copilot was still happily babbling nonsense when I was typing comments in javascript
Comment on answer 2: I'm guessing it also doesn't work when using VIM mode?
Comment on answer 2: @Hinton if you have the time, could you try to submit a GH issue with steps to replicate? The code for the extension was written in a day and I haven’t updated it since, so I might need to rewire some things if anything’s not working. The GH repo is linked in the extension page.
Comment on answer 2: I added a comment to this existing issue: github.com/jamesonknutson/disable-copilot-comment-completion‌​s/…
Answer 3: Answer based on current state
I think Esc does that (hide the inline suggestions in VSCode).
I use the Shift+Esc shortcut to dismiss (hide) the inline suggestions in the editor. From here, we can see that the Esc shortcut is mapped to editor.action.inlineSuggest.hide. In my keybindings.json, I have the following
[code]
I see @jaquinocode's answer probably has a better solution."
U051,70627935,https://stackoverflow.com/questions/70627935,Yosri Mhamdi,2022-01-07,"Title: Vscode php suggestion is not accurate
Question: When trying to access an object with the -> operator to see what methods it has, Vscode shows me all php build in function like rand, acos, str_replace including the object methods. For me it look like a bug. But what I want to see when accessing an object only its methods. Is there any way that fixes that?
Vscode Output
[image]
[image]
Expected Output
[image]
Comment on question: It looks like VSCode doesn't know what type of object is in $this->invoiceRepo. Make sure that property is either typehinted or has a @var docblock comment.
Comment on question: no it is typehinted and its methods are show among the suggestion list, but it is overwhelming to scroll the whole list.
Answer 1: You need to install some extensions from vscode extension market, such as PHP Debug and PHP Intelephense.
You can also use github copilot by installing the extension as well
Comment on answer 1: I have already these extensions
Comment on answer 1: and copilot? try copilot"
U052,70783731,https://stackoverflow.com/questions/70783731,Stef1611,2022-01-20,"Title: Automatic generation of struct printing function in C
Question: I have many programs where structs are defined. And each time, I have to create a function to print the members. For example,
[code]
I know that reflection is not supported in C. And so, I write these printing functions for each struct I defined.
But, I wonder if it exists any tricks to generate automatically these printing functions. I would understand that I have to modify a little bit these functions. But, if a part of the job is done automatically, it would be great.
(This example is simple, sometimes struct are nested or I have array of structs or some fields are pointers, ...)
Comment on question: Asking if there exists a program or other external resource/where to find it is explicitly off-topic here.
Comment on question: @Lundin. So where could I ask this question ?
Comment on question: If you edit it so that it's only about how to generate this using macros, then it would be on-topic here. Otherwise if you are looking for pre-made programs, try softwarerecs.stackexchange.com.
Comment on question: @Lundin. I did it. Is it ok now ?
Comment on question: Yeah I think so. I'll cast a re-open vote.
Answer 1: let's consider to use https://copilot.github.com/. it's great.
this is what i have with copilot
[code]
Comment on answer 1: Consider posting this as a comment?
Comment on answer 1: As per the site's policy, ""link-only answers"" are discouraged and will get deleted Answers need to contain more than just a link to an external site. Try to add something of value to this site. You can post links but then maybe add an explanation of what you are linking to, how to use it and so on.
Comment on answer 1: @long.kl Very interesting.
Answer 2: You can of-course print structs, but expect a lot of non-readable output:
[code]
But the issue is that, it will print the structs as it is represented in memory. So 4 byte (32 bit) integer 1 will be represented with 4 bytes, not the char '1'.
And due to the way pointers work, you cannot make out if a member is a pointer or a non-pointer.
Another issue is that structures have padding to help with alignment, and better/efficent use of memory. So you would see a lot of 0x00 in the middle.
Remember that C is a compiled language."
U053,70800167,https://stackoverflow.com/questions/70800167,Kushagra,2022-01-21,"Title: How to get a url from a html code with re.finall in python
Question: This is my html -
[code]
I want to get url of Link1 with python as a variable -
[code]
Comment on question: https:\/\/.*.com this regex could work, it search for everything from https: till .com
Comment on question: href=https:\/\/.*.com maybe? That would work in your example
Comment on question: Use a dedicated tool like BeautifulSoup. For using Regex to parse HTML read stackoverflow.com/a/1732454/4046632
Answer 1: Actaually i found this using github copilot -
[code]"
U054,70822687,https://stackoverflow.com/questions/70822687,ThrowsError,2022-01-23,"Title: VS Code, does not accept suggest on tab
Question: I am currently working on VS Code with GitHub Copilot.
But when I have a suggestion:
[image]
And I press ""Tab"" to accept the suggestion, Vs Code adds a tab in the code:
[image]
Someone know how to resolve this ?
Comment on question: did you find any solution?
Comment on question: @mhkarami97 I posted it ;)
Answer 1: Explanation
In fact VS Code has a prioritization for the same shortcuts.
A custom shortcut is more prioritized than a default shortcut.
If you have a shortcut for your tab key in your VS Code, that can disorganize the prioritization of the default shortcut.
Solution
I don't find a solution to give a prioritization for a shortcut, so I set the default for all shortcuts using the tab key:
[image]
Note: is important to click on ""Reset keybinding"" to take the default prioritization.
Other solution
It's probably possible that VS Code gives a prioritization with the date of the last update of your shortcut. But I don't try this solution because you need to update all the shortcuts and we have several shortcuts for tab key."
U055,70873622,https://stackoverflow.com/questions/70873622,Yulian,2022-01-27,"Title: Is there a way to autocomplete class properties in TypeScript?
Question: Is there a TypeScript/VSCode setting to autocomplete class properties when initializing classes? Similar to how Dart has insertArgumentPlaceholders (see question). I know TypeScript has completeFunctionCalls, but the functionality doesn't seem to extend to classes.
Currently I'm manually writing out every property, but it's pretty cumbersome for classes with many properties; requiring constant referencing back to the class definition.
For example:
[code]
Edit:
I'm aware about Copilot and similar extensions, they do not provide the functionality I'm asking about. My question is whether there is a built-in TypeScript feature to auto-suggest/auto-fill class properties. Copilot (and the like) suggest properties which usually don't even exist in classes, I'm curious whether there's a setting that mimics Dart's behavior.
Comment on question: Did you try something like this in settings.json: ""ts.previewNewCompletionPlaceholders"": true and ""ts.insertArgumentPlaceholders"": true?
Comment on question: @David neither of those settings seem to exist for Typescript on my end.
Answer 1: There is an awesome extension named Tabnine which supports almost every language and every IDE and editors. The AI of this extension is very strong. I recommend you to download it.
Tabnine official site
Tabnine extension on visual studio code site
Answer 2: If you are using VS Code you can use the JavaScript and TypeScript Nightly VS Code extension that is used to power JavaScript and TypeScript IntelliSense. The extension will be enabled globally therefore there will be no need of editing your VS Code settings.
Comment on answer 2: how do you use this extension to auto-complete all of the keys in an object?"
U056,70959002,https://stackoverflow.com/questions/70959002,Iconejey,2022-02-02,"Title: Why are Three.js equirectangular backgrounds's colors/contrast so bad and how can I fix them?
Question: I'm using Three.js in a website project for a construction company. They want some 360° photos (photospheres) that I made using my phone (Google pixel 5). They also want to show a 3D representation of one of their projects so using Three.js seems to be the best solution.
Here is what it looks like in Google Photos:
Google Photos screenshot
And what it looks like in Three.js:
Three.js screenshot
You can see the colors are really bad (contrast, white balance, idk) compared to the original version.
It's the first time I use Three.js so here is my code:
Scene:
[code]
Background (photosphere):
[code]
Comment on question: You’re changing the renderer’s tone mapping and the exposure. It’s normal for the results to be different when you make modifications to the color output.
Answer 1: As Marquizzo said in a comment:
You’re changing the renderer’s tone mapping and the exposure. It’s normal for the results to be different when you make modifications to the color output.
I kept saying the problem is not the lines Github Copilot suggested because I got the same result when removing those but I tried removing one line at a time and it turns out that this line was the problem:
[code]
Now my result is a bit dark compared to Google Photos's one but the colors are finally accurate! I still have a lot of things to learn haha.
Three.js screenshot after removing the problematic line
Thank you Marquizzo!"
U057,70965751,https://stackoverflow.com/questions/70965751,Jacob Valdez,2022-02-03,"Title: Way to define a generic tensor-like type (like tf.Tensor | torch.Tensor | np.ndarray | float) in python 3.8?
Question: I'm annotating my code for a high level neural network library. I want to make it as flexible as possible while still clarifying type expectations for developers using the library. In many cases, this requires writing 'generic' functions that operate on tensors defined in arbitrary backends (like tf.Tensor, torch.Tensor, np.ndarray, as well as python types like float, int, and bool; it'd be nice if I could statically enforce dtype's as well, but that not my concern here) Is there a way to define a generic Tensor-like type in python 3.8?
Comment on question: If the functions are unaware of implementation and you just care about the interface you could make your own TensorLike Protocol using typing.Protocol
Answer 1: After coding for a few hours, I began to see that you don't want to do this in most cases. Here's some reasons why:
it's not pythonic. ""Avoid the magical wand"" when it adds needless complexity
you'll have duck-typing issues like calling .size in torch but .shape in tf which results in a lot of if/elif/else structures.
you're going to be repeating yourself for a lot of generic-backend logic
I would recommend for other developers facing this prediciment to seriously ask themselves if they are willing to maintain a high level framework on two backends. You see, any time you want to perform an operation on the tensor (say transpose()), you have to ask if that operation has an identical signature in all supported backends. If not, you start ending up with huge swaths of repeated if/elif/else code and development productivity really starts to suffer. If willing to proceed, try using an existing library like keras.backend which has limited tensorflow and thaneo support, or write your own cross-framework tensor-framework abstract for us all to use. (And please post a comment if you made or found one)
In most cases however, it suffices to imitate the einops approach and simply define an arbitrary TypeVar like so:
[code]
Also, CoPilot recommended this to me:
[code]
Then you can use this type var in your annotations as expected:
[code]"
U058,70995718,https://stackoverflow.com/questions/70995718,Maybe Lindow,2022-02-05,"Title: Is there a way to have github copilot do the code instead of just adding comments?
Question: I just got github copilot access and i am new to it whenever i give it a comment and press tab and enter it just creates the same comment over and over again but in same cases it works [image]
is there a way to fix this? or is it just a beta error?
Comment on question: What editor are you using?
Answer 1: Go on new line after comment, and start typing what you want to create. In your case type def and wait a while. If not enough give the function name and wait a while again.
Comment on answer 1: If this works, please accept the answer, else tell us whats wrong
Comment on answer 1: That isn't generating code off of the comment like their asking. I found as of today that my comments generate code like normal in VS Code, but in Jetbrains GoLand I have the same issue as @Maybe Lindow. If I recall when I was in preview this worked fine in GoLand and noticed today it doesn't. I may be recalling incorrectly though.
Comment on answer 1: Ok I played around a bit it seems atleast in go in GoLand if I do this comment style /* Create a function that adds two numbers together and returns the result. */ and hit return it works. If I do a comment like // Create a function that adds two numbers together and returns the result I get the same result as @Maybe Lindow.
Answer 2: First Add single line comment in you visual studio code that describe code you want to be written by github copilot like // function to add two numbers in javascript then press Enter wait for little seconds code that do what you described in comment will appear then press tab.
Note : in some case your code might be incomplete just keep pressing enter then tab when code look like comment."
U059,71007828,https://stackoverflow.com/questions/71007828,Kongpop Parkpisas,2022-02-06,"Title: GitHub Copilot could not connect to server
Question: enter image description here
enter image description here
Someone told me that the problem was caused by a firewall and a VPN, but I disabled the firewall and do not have a VPN.
Answer 1: I also got the same problem and I did this:
Disable the extension from the settings
Refresh
Enable again
It worked for me!
Answer 2: It's because network problem.
Edit you hosts file, and add
[code]
Reference
ineo6/hosts
Answer 3: GitHub Copilot could not connect to server. Extension activation
failed: ""Timed out waiting for authentication provider to register""
You probably have GitHub Authentication disabled.
GitHub Autenthication is an extension that is bundled with Visual Studio Code.
Go to File -> Preferences -> Profiles -> Show Contents
[image]
In the left panel, in the ""Extensions"" group, click in ""GitHub Authentication"" and enable the extension.
[image]"
U060,71152461,https://stackoverflow.com/questions/71152461,HyperText Markup Man,2022-02-17,"Title: Reading Memory from Another Process in C++ | Copilot's Solution
Question: As the title suggests, I am trying to read memory from another process in C++ in order to check if the values from the other process reach a certain level. Since I don't know anything about this, I decided to consult GitHub Copilot for help. On a normal basis, I would search the docs, but Github seems to disagree. Since I have access to GitHub Copilot, and since the front page advertisement clearly encourages users to trust Copilot's programming ability, I chose to let Copilot make this function.
So I gave it a prompt in the form of a comment: [code]
What it gave me seemed pretty good, but I will never take a function that copilot makes and blindly use it unless I know for sure it will work (because I don't trust that everything Copilot makes is never going to cause issues, especially when dealing with pointers and such). I wanted to see if someone who had experience with memory in C++ could tell me if this function will work and why it would or wouldn't work as I know nothing about getting memory from another process.
There are three main reasons why I am not just searching the docs anyway despite GitHub's statement:
Since this is a complicated and real-world use case, this will really test Copilot's programming ability and it will give me insight into how much I can trust Copilot in the future for stuff I don't know how to do (Obviously I wouldn't let this get out of hand, but it would be good to know I can trust Copilot a little more than I do right now).
Searching the docs anyways despite the statement that GitHub made on their website is quite the opposite of what Copilot is supposed to help users with, and while I understand that it's a public beta and it's not complete yet, it should at least be good enough for real-world use cases rather than simple coding cases. An answer from someone experienced will really show if it is good enough for real-world coding cases.
The docs only tell me what a function does and what to put as its parameters, it doesn't tell me how to use it. If I really wanted to know how to use it, I would have to search the web. Searching the web will most likely get me complicated examples that don't pertain to my issue and defer me from what I am actually trying to accomplish. Not only that, but it is the opposite of what Copilot is supposed to help users with, as stated in reason #2.
Here is the code that Copilot generated for me:
[code]
You may point out an immediately noticeable error: The function returns DWORD rather than double, which is what I asked Copilot to return. I saw that error but from examples that I have seen (Yes, I have done at least some searching), returning DWORD works as well. I could have seen those examples wrong, and if I am correct me.
Answer 1: The function returns double but it only returns the value that is stored in the memory, not actually double-typed data. If you do a casting to double, you get back your original data.
You can't search in memory with anything other than a byte pointer on 64-bit systems: http://msdn.microsoft.com/en-us/library/aa746449%28v=vs.85%29.aspx
There are different ways to search for a string in memory, depending on what you are looking for: http://www.catatonicsoft.com/blog/need-to-read-and-write-strings-and-data-in-a-processs-memory/
(Read more here: https://github.com/MicrosoftArchiveOrgMember/copilot)
Memory Scraper
This program uses several techniques to obtain information from processes and memory as it runs so that it can be added to the evidence file when Cofactor terminates the target process (by default) or when you terminate the program manually (with CTRL+C).
This code was mostly cobbled together from various examples at http://www.codeproject.com and https://forums.hak5.org, with some heavy modifications made to get the output in a useful format.
The process memory usage is checked continuously and added to the log file when it changes. This is done by getting a pointer to the process' memory region, then checking all of its pages as they are referenced. When they are changed, the contents of that page will be read and added to the log file as evidence. If a process goes in and out of sleep mode or is stopped for some other reason, this program will detect that and add it to the log file accordingly.
The current DLLs loaded by processes are recorded every 5 seconds so that if a DLL gets loaded after Cofactor terminates its target, it will still be included in the log file as evidence. A process is also checked every 5 seconds for new threads being spawned so that child processes are also included in our evidence files.
We could extend this program by having it check for two modules:
[code]
In order to do this without complicating things too much, I'd probably use CreateRemoteThread with an address within each module to continue execution from that thread into your own code where you can check for the breakpoint or crash signature and act accordingly.
Conclusion
If you need to debug a process and can't get it to stop for any reason, this program will still be able to grab the process memory at any time so that you can search for whatever you need.
You'll have to do some extra work in order to use the log file that is created, like parsing it with a parser of your choice and searching it (using regexes or something) which I assume is outside of the scope of what Copilot is designed to do.
If you end up using this program, please let me know! I'm curious to see how many people find this program useful.
Interesting Techniques I Learned From Other Programs
Finding DLLs Loaded by a Process
The C++ code below uses the Windows API GetModuleFileNameW() to get the full path of loaded DLLs and parses it with split() to extract just the filename and not the whole path. The rest of that code just tries to avoid duplicates while being simple enough that it doesn't get too confused between different processes and file system cases (hopefully).
[code]"
U061,71167974,https://stackoverflow.com/questions/71167974,Vu Khai Hoan,2022-02-18,"Title: How to Remove Error Check for Git Hub Copilot solutions Tab
Question: My Vs code Check Error Git Hub Copilot solutions Tab, How to Disable it, Thanks :
vs code error Image
Comment on question: can you close it ?
Comment on question: yes, but when close tab, err still display in problems tab
Comment on question: Can you run react project? if yes, dont worry about err in copilot tab
Answer 1: You need to deactivate Copilot globally on your VS Code IDE and then activate it again.
Hope this helps.
Comment on answer 1: This does not provide an answer to the question. Once you have sufficient reputation you will be able to comment on any post; instead, provide answers that don't require clarification from the asker. - From Review
Comment on answer 1: @slideshowp2, Is my answer now understandable? I'm curious as to how can you say this does not provide an answer. I experienced the same problem and this simple thing fixed it for me."
U062,71224911,https://stackoverflow.com/questions/71224911,Jeff Ward,2022-02-22,"Title: Can GitHub Copilot stop auto-suggesting, instead be triggered by a keystroke?
Question: I find Github Copilot very helpful in some specific situations, but fairly unhelpful in its verbosity in most situations.
By default, it's always on, always suggesting (and frequently getting in my way.) I want it to be less aggressive, disabling the auto-suggestion, but still have it readily available at a keystroke.
What I've tried already:
In a helpful post, I see that Alt\ is the default key for triggering Copilot suggestions. Great, that's half of the solution.
In settings.json, setting the following seems to disable copilot entirely! It is no longer available using the keyboard shortcut.
[code]
I wonder if that's a bug, because there's already multiple ways to disable copilot entirely.
Answer 1: In settings.json (under File, Preferences, Settings), I found that setting the more general option:
[code]
Seems to work as I'd hoped. Copilot suggestions are now only provided on-demand, when I press Alt\, and accepted when I press Tab
I worry that this might disable other types of suggestions I rely on... but language auto-completion still seems to work. I'll update this answer if I find anything I miss.
BTW, changing the keyboard shortcuts:
Under File, Preferences, Keyboard Shortcuts, if you search for inlinesuggest, you see the keystrokes for both triggering inline suggestion and for committing (aka, accepting) inline suggestions. Double-click the row to change the key (but watch out for conflicts.)
[image]
Comment on answer 1: Did you miss other suggestions in the end, or is this solution still working? I am trying out copilot, but like you I cannot take the continuous dumping of BS in my code
Comment on answer 1: @Imre_G - I still have it off, haven't missed anything. 👍 Sadly, my copilot trial ran out, so I can't comment on the current state of that.
Comment on answer 1: Well, my company pays for copilot, so I can turn it back on. Sadly, I can't get a nice UX without switching inlineSuggest on and off. When it's on, it suggestions show up too often and conflict with intellisense / completion. When it's off, it's hard to trigger and I can't get it to accept (tab doesn't accept copilot suggestions, only intellisense.) I want both, but usually intellisense, and copilot only upon `ALT-` request
Comment on answer 1: It doesn't work for me either. Asking ChatGPT is way more bang for you buck IMO. Maybe Copilot X will change things..
Answer 2: For Jetbrains IDE (e.g. Webstorm).
You can uncheck automatically show completions in the IDE's settings (Settings > Languages & Frameworks > GitHub Copilot).
[image]
and then still TRIGGER completion with a keystroke Alt+\ or any keymap you are comfortable with (Settings > Keymap > ""Copilot"" in the search bar):
[image]
Comment on answer 2: Is there a way to do this in Visual Studio 2022?
Answer 3: The top rated solution does not seem to work anymore. However the above solution by @BiasInput also works in VSCode.
Open user settings.json and set ""github.copilot.editor.enableAutoCompletions"": false
[image]
Then trigger copilot suggestions with the keyboard shorcut you assigned to the command editor.action.inlineSuggest.trigger.
[image]
Comment on answer 3: @jeff-ward's solution seems to still work in VS Code for me. Disabled editor.inlineSuggest.enabled and I can trigger inline suggestion by keyboard shortcut if desired"
U063,71312074,https://stackoverflow.com/questions/71312074,Sheshank Garrepalli,2022-03-01,"Title: Can we auto-implement corrections based on the ATC results?
Question: When we run the ATC over the code, it displays the results and changes/suggestions that needed to be done in the code,
if the system can tell you what needed to be changed, then can we automate the process of corrections?
Answer 1: Yes you can. Check below projects:
GitHub Copilot
Abapgit downport"
U064,71352201,https://stackoverflow.com/questions/71352201,saurav tripathi,2022-03-04,"Title: Visual Studio Code extension alternative for GitHub copilot
Question: I recently came across GitHub copilot which finish the code and also give a short explanation of what is happening in the function, but there is a waiting list for us to use GitHub copilot. So I want to ask is there any more alternative which can do that for us?
Comment on question: Check this out. stackoverflow.com/questions/68323142/…
Answer 1: The waiting list have been removed now, you can try now.
Answer 2: It's Oct.2022 now and Copilot is not free anymore. There is another open-source alternatives to it called CodeGeeX. The code is available at https://github.com/THUDM/CodeGeeX. Check out the VSCode extension at https://marketplace.visualstudio.com/items?itemName=aminer.codegeex
Also, the model weights can be applied and download.
Answer 3: I started making free alternative to Github Copilot. I'm doing it on GPT3 API. I would like to raise some attention to this thing so I will be happy to receive your feedback on the github, as well as issues and maybe even pull requests :) This thing is already usable and saves me a lot of effort :) https://github.com/mrThomasTeller/vscode-gpilot"
U065,71362661,https://stackoverflow.com/questions/71362661,Spandan Roy,2022-03-05,"Title: Can github copilot be configured with visual studio 2022?
Question: I heard it can be done with Resharper. Any clues on how to do it? Do I have to write a custom extension? That seems like a hell of work.
Comment on question: Please edit the question to limit it to a specific problem with enough detail to identify an adequate answer.
Answer 1: Yes, it is possible to use GitHub Copilot. Via the extension you can use GitHub Copilot under Visual Studio without any problems. Please have a look at the marketplace.
To add extensions under Visual Studio please go to:
Tools > Options > Environment > Extensions"
U066,71367058,https://stackoverflow.com/questions/71367058,Mateus ,2022-03-06,"Title: self signed certificate in certificate chain on github copilot
Question: I installed the GitHub copilot but the extension do not work, always show the following error :
[image]
What could I do to solve this ?
Answer 1: This looks like a similar error to what I am getting. I believe that the source of this in our corporate network is a ssl inspection process such that when the https traffic is opened and inspected that it breaks the certificate chain and this error shows up. A fix would be to add the GitHub Copilot servers to the ssl inspection whitelist so that that traffic is not inspected.
Comment on answer 1: have the same problem; unfortunately getting things whitelisted could be quite challenging at the corps
Answer 2: Corporate VPN was the problem (same as @mark-derry's).
Jetbrain's PyCharm / DataSpell allows to accept self signed certificates.
VSCode doesn't seem to have this option yet.
Comment on answer 2: I tried adding the self signed certificates according to this, but it does not work. I also tried Accept non-trusted certificates automatically. not working either. Did you manage to make JetBrains/PyCharm copilot plugin work with corporate vpn that has a self signed certificates?
Answer 3: Had the same issue with a corporate proxy, the win-ca extension resolved it.
In settings switch to append mode (it's not the default)
Restart VsCode
PS: this is a windows only solution (for mac see another post - https://stackoverflow.com/questions/71367058/self-signed-certificate-in-certificate-chain-on-github-copilot)
Comment on answer 3: I used this on my mac Mac CA VSCode marketplace.visualstudio.com/…
Comment on answer 3: this was easy.. and it worked.. better than writing script.
Answer 4: Copilot error: “GitHub Copilot could not connect to server. Extension activation failed: self-signed certificate in certificate chain” is generally caused using CoPilot behind a Corporate network.
Most corporate networks have a ‘Man-in-the-middle’ appliance that dynamically breaks open all secure SSL traffic leaving home to enter the internet. This ensures they can inspected any traffic leaving, including your online banking. Usually automation scrubs the traffic looking for theft of company secrets or IP and raises alerts. It all gets logged and reviewed further if need be.
This action leaves behind a fake cert chain as a fingerprint. The cert for the called site is replaced with a fake, and one signed by the company’s own private CA authority. Hence the self-signed cert in the cert chain error.
From any company device (Phones\Laptop) the company CA is already installed as a trusted CA. So the local browsers and other desktop apps trust this faked cert chain - and so do not raise any concerns someone is snooping your secure network traffic (the company does own the network and the device).
By default VSCode is not trusting the installed desktop certs, and so it noticed that the GitHub cert is no longer signed by a trusted public CA authority.
As Rypox states above, the VSCode extension ‘Win-CA’ (must be set to ‘append’ mode) solves this issue. It tells VSCode to also trust the CA’s installed on the employees desktop. This makes VSCode happy again trusting the fake cert chain. No 'whitelisting' needed and not 'VPN' related. But certinly not that obvious either. An interesting CA trust issue.
Confirming this does exist is easy from your browser. Go to any outside site (like Amazon) and review the sites “Cert” to see who the CA’s are (Certification Path). It should ‘not’ contain any reference to your company. Look at that same cert from outside the company network on your own personal laptop.
… “bit of a glitch in the Matrix”, installing Win-CA helps hides it again and all looks back to normal.
Comment on answer 4: Do you happen to know a fix for PyCharm too? Thank you very much!
Comment on answer 4: it can happen under VPN connection
Comment on answer 4: Do you know how to do it with VS2022? I can't turn off my corporate VPN and I cannot know what certificates my VPN uses to work around the problem, any ideas?
Comment on answer 4: Any solution for Webstorm?
Comment on answer 4: The win-ca extension got me fixed up using append! 😎 I'm running: Win10 VM, Copilot, VSCode, WSL1, Ubuntu 20. Copilot had been working on Ubuntu (WSL1, guest). The cert error was only happening on the Windows side. Don't forget to restart VSCode.
Comment on answer 4: Any solution for visual studio 2022? This workaround works perfectly for vscode
Answer 5: On macOS, you can use this script to monkey patch the Copilot extension to make this work:
[code]
Save as something like monkey-patch-copilot.sh, then chmod +x monkey-patch-copilot.sh. You should then be able to run: ./monkey-patch-copilot.sh to apply the patch.
Note: I am not the original author. This was found on the Copilot feedback forum.
Comment on answer 5: I'd been looking for a fix for so long. Thank you!
Comment on answer 5: I'm trying to adapt your script for the PyCharm / IntelliJ plugin. There's no extension.js in the dist folder, but agent.js and service.js exists, and contain rejectUnauthorized: a bunch of places. d={...l isn't anywhere to find, but I've got d={...c and d={...n. How do I determine which should be replaced? If I uploaded the files somewhere, would you be willing to help me with this?
Comment on answer 5: Do you happen to know a fix for PyCharm too?
Comment on answer 5: If you are using the SSH plugin for vscode, make sure to change the first line to _VSCODEDIR=""$HOME/.vscode-server/extensions""
Comment on answer 5: Works on linux as well!
Answer 6: For any MacOS users, I have found that the VSCode extension linhmtran168.mac-ca-vscode can help as well with this. It is similar to the previously mentioned win-ca.
https://marketplace.visualstudio.com/items?itemName=linhmtran168.mac-ca-vscode
Comment on answer 6: this worked for me as well. just had to install it and restart vscode
Comment on answer 6: How secure is this?
Answer 7: Easy!
Method 1 : just excute this code.
git config --global http.sslVerify false
Method 2:
FOllow this guide! and Thank me later because I have saved you a time of husel ? :) . you're welcome!
https://mattferderer.com/fix-git-self-signed-certificate-in-certificate-chain-on-windows
Comment on answer 7: The problem with an GitHub Copilot extension, not with the git connections
Answer 8: I found a solution for this which works for me in case of Intellij. I have blogged about it at https://sidd.io/2023/01/github-copilot-self-signed-cert-issue/
At a high level I think the architecture of the plugin might be same :
IDE Native CoPilot Plugin ---making RPC call---> NodeJS based CoPilot Agent
And this NodeJS based CoPilot Agent agent has issues with the Self Signed Certs (at least in my case).
Fix is as follows :
Export the self-signed certificate in discussion
Convert it into .pem format if not already
Export the path of this .pem cert to NODE_EXTRA_CA_CERTS variable
Restart your IDE and it should work
Comment on answer 8: This answer will help solve the issue for Visual Studio. It feels more correct then installing an extension.
Comment on answer 8: How do you know which certificate is used for a given VPN provider???
Comment on answer 8: @NicolasBelley in my understanding if you have installed an VPN provider on your machine then a Root CA would also have been installed in your machine. Ex: if you are using a Mac then you should check this under ""Keychain Access"" in ""Certificates"" and you should find it.
Comment on answer 8: This works also under Windows for JetBrains IDEs: set NODE_EXTRA_CA_CERTS variable in the ""Edit environment variables for your account"" control panel (no admin needed), to an absolute path like ""C:\path\to\ca-bundle.crt""
Comment on answer 8: what certificate ""is in discussion""?"
U067,71378997,https://stackoverflow.com/questions/71378997,Samil Kahraman,2022-03-07,"Title: VSCode only shows one line of Github Copilot suggestion
Question: I've activated github copilot and it works fine but, while typing it only shows one line of suggestion. After all of my tryings, It still shows one line of suggestion. But I want to see multi-line suggestions.
[image]
Even the all solutions tab show one line of complete solutions.
[image]
Here is my user settings.json
[code]
Comment on question: Have you tried to press tab, and then to wait a couple of seconds? A new multiline suggestion should appear for the following lines. (I'm having the same ""problem"" with C++)
Comment on question: Seems to be a known problem: github.com/github/feedback/discussions/13303
Answer 1: This bug currently affects all versions of vs code and is known to the developers. Since yesterday they officially announced that they are working on the issue:
Hi folks, this is GH Copilot team. We hear your feedback and are actively working to address it. Dave and I will keep you folks updated on the progress. Thanks again!
Comment on answer 1: seems like it got resolved!
Comment on answer 1: Still happening to me
Comment on answer 1: This is happening to me too
Comment on answer 1: Still getting this in february 2023...
Comment on answer 1: So am I. Still getting this in february 2023....
Comment on answer 1: 06 April 2023 ... still happeneing... Sometimes it's answer is the question I just asked... 🤨
Comment on answer 1: I had this too and it went away with blocking public results, which is configured at the beginning. I switched it back from Allow to Blocked and now I get better results, whole functions. Before that I didn't even get code, just comments or comments with links.
Comment on answer 1: Looks like this issue re-surfaced Dec 2022 and is being discussed here: github.com/orgs/community/discussions/…"
U068,71382903,https://stackoverflow.com/questions/71382903,ProtoTurquie,2022-03-07,"Title: Line-Line Intersection algorithm generated by the Github Copilot doesn't work in some instances
Question: [code]
and my LineAbsolute class:
[code]
this Input gives the position 3, 1 as a result which is wrong,it must return null
[code]
It's Illustration:
enter image description here
Also
[code]
which returns 2, 1 while it should return null
I am unable to fix this code on my own as I don't know anything about it, so I need a bit of help on the line which causes this problem in the function
edit: as @kungphoo pointed out this is actually a ray-ray intersection algorithm, hence why it gives the point where it would intersect if it was of infinite length, so, can someone provide a line-line intersection algorithm pls? every single one that I googled are either too hard to port to kotlin or boolean
Comment on question: The code looks like a ray-ray intersection algorithm to me.
Comment on question: oh, so that's why it gives the position where it would intersect, any line-line intersection algorithms u can recommend?"
U069,71508274,https://stackoverflow.com/questions/71508274,Anh Tuấn Nguyễn,2022-03-17,"Title: GitHub Copilot not activation when i login
Question: GitHub Copilot show this error GitHub Copilot could not connect to server. Extension activation failed: ""User not authorized""
But I have authorized on GitHub
Comment on question: Notice the difference between ""authorized"" and ""authenticated"". When you say ""I have authorized"", you probably mean that you have authenticated (i.e. logged in).
Comment on question: I faced to this issue. You can try my solution stackoverflow.com/a/76437067/10206253 Hope it help
Answer 1: If you are trying GitHub copilot for the first time, this error indicates that you are not part of the beta invite list. What you can do is you can join the waitlist (https://github.com/features/copilot/signup) and wait for your chance to try the beta.
If you have already got the invitation, then there was an error connecting to api.github.com to request a token to use the Copilot service.
Full Discussion: https://github.com/github/feedback/discussions/7707"
U070,71665751,https://stackoverflow.com/questions/71665751,CanineData,2022-03-29,"Title: Why is this module in discord.js returning undefined?
Question: So I'm working on a discord bot, and this command is supposed loop thru all commands send their names and descriptions. But whenever I run it gives me undefined.
Here's my code:
[code]
If your wondering why there are so many comments, it's because I use github copilot
This is what I get when I run it:
[image]
Also I tried logging it in the console and that returned this:
[code]
Comment on question: Have you checked the value of commands using e.g. a debugger? Verified that the contained objects have a name and description field that are populated with the data you'd expect?
Comment on question: Yeah I ran console.log(commands) and that returned this: All the commands I have and their description, name etc.
Comment on question: I got the same result with for...in as I did with for...of
Answer 1: That's because it's a Map instance, so command is actually an array with the key and value. Iterate over the values instead:
[code]"
U071,71668765,https://stackoverflow.com/questions/71668765,JPSpronsniper Sniper,2022-03-29,"Title: I tried importing, Making windows and it almost all errored
Question: As i was trying to use github-Copilot,
I Was trying to make a c# window with a circle. I don't understand why it errored.
Why did it error?
How did it error?
And why did the import fail?,
As for now, I Don't understand c# much yet. And i might need some help with the errors and all. Whoever helped me, I thank you much.
[Back to details]
I tried making a circle in a window which will be able to shrink and grow by clicking an button, And github- copilot inserted the Imports (using)
How did the circles we're made : Eclipse
This was made in visual code as i was making the code. But i imported it in visual studio 2019 and those were the errors :
Errors of the code
Code for you :
[code]
Comment on question: Edit your post to include the errors you're getting as text, not as an image.
Answer 1: I think that's because you have chosen an incorrect Output type:
[image]
Check that out please."
U072,71702171,https://stackoverflow.com/questions/71702171,Mahendra ,2022-04-01,"Title: Unable to install GithubCopilot extension in Visual Studio 2022 Enterprise
Question: Unable to install GithubCopilot extension in Visual Studio 2022 Enterprise
Hello geeks, I have visual studio 2022 enterprise in my computer and in my GitHub account copilot is approved but can't install in visual studio
in visual studio extension it's not showing GitHub copilot
https://marketplace.visualstudio.com/items?itemName=GitHub.copilot
Comment on question: Yeah I can't see it either.
Answer 1: This is related to the version of your visual studio 2022 ,
after updateing visual studio entreprise from version 17.0.5 to the latest 17.1.3 , i could install Github Copilot (the documentaion says minimim version is 17.1)
hope this could help you
Comment on answer 1: thanks also i have updated the visual studio enterprise 2022 now GitHub copilot is working"
U073,71766744,https://stackoverflow.com/questions/71766744,Quico Llinares Llorens,2022-04-06,"Title: Redo button or shortcut does not work in Visual Studio 2022
Question: When I try to CTRL + Y or to click on any of the redo buttons they do nothing. Just for more info I have Resharper + NCrunch, do not know if Resharper could make the problem somehow.
Thanks for your help.
I tried this solution but does not work.
Comment on question: Have you tried disabling Resharper and/or NCrunch? I use Resharper with VS2022 and have no issues with undo and redo. What source files are you having problems with? Do you have any other extensions?
Answer 1: It's GitHub Copilot.
See #14027 on GitHub's Discussions: VS2022 - Redo doesn't work when the Copilot extension is enabled.
You'll have to disable the extension to fix it.
When Visual Studio is acting up, first run devenv.exe /safemode to start it without any extensions. If it works, restart and disable the most recently installed extension.
Comment on answer 1: You are right, the problem is with Copilot, did not even thought on it when thinking on problems. Thanks for your help!"
U074,71806576,https://stackoverflow.com/questions/71806576,Arnish B,2022-04-09,"Title: why is my github copilot not working all of a sudden?
Question: I have been using copilot for a while now, and one fine day on opening VSCode this error appeared.
""[ERROR] [default] [2022-04-09T08:38:10.995Z] GitHub Copilot could not connect to server. Extension activation failed: ""certificate has expired""
I looked up for it everywhere and found nothing, it'd be a great help if someone could fix this for me!
[here's the error and how the extension looks like on the status bar]
Comment on question: Are you logged into GitHub?
Comment on question: yes i am, tried logging in and out too
Answer 1: Two things you should check:
1=> Update VSCode to the latest version
2=> Update GitHub Copilot to the latest version (Enable it from the extension section)
After the update, it MAY require that you Reload/Restart VSCode.
From the Menubar, go to View -> Output;
Choose GitHub Copilot from the pulldown on the left to see the log of what is going on in the background.
Look at my pulldown here imgur.com/VVHfqwv
Comment on answer 1: I did View -> Output, but I don't see GitHub Copilot in any pulldown on the left.
Comment on answer 1: Try to update the GitHub Copilot to the latest version and Enable it from the extension section. After the update, it MAY require that you Reload VSCode. Look at my pulldown here imgur.com/VVHfqwv
Answer 2: Three common causes:
An out of date IDE. Solution: make sure your IDE is up to date
If you're not properly signed in to GitHub CoPilot. Solution: make sure you're signed in to GitHub CoPilot
E.g. In VSCode look on the bottom left, if you see this, you might not be signed in:
[image]
Click the icon, and follow the prompts to sign in, then CoPilot should work.
Try closing and reopening your IDE (e.g. vscode), that may also help.
Comment on answer 2: Find GitHub Copilot in VSC extension, click settings icon, and check Add to workspace recommendation. This is my final resort.
Answer 3: Given that GitHub Copilot is so fresh and well-liked, updates are made often. When encountering this kind of problem, I would advise entirely purging and reinstalling.
Installation of GitHub Copilot in Visual Studio Code
The documentation lists extensions for Visual Studio Code, Visual Studio, Neovim, and the JetBrains suite as IDEs that GitHub Copilot supports.
The installation consists of three main steps:
Create a GitHub account (if you don’t have one already).
Go to GitHub Copilot and click on “Start my free trial”. Follow the sign-up steps and make sure to cancel before your 60-day free trial is up (if you don’t want to continue using the tool).
Install the VSCode extension by searching for “GitHub Copilot” on the extensions tab. You’ll be asked to sign in to GitHub, authorize the extension, and then Copilot will be set up.
If you would like a more thorough explanation, my colleague Rafael wrote a great article based on his time with Copilot and VSCode: https://www.scalablepath.com/full-stack/ai-pair-programming-github-copilot-review
Answer 4: I know its a bit late. But I encountered this problem today. If disabling and restarting doesn't help, you could try:
At uninstall, select Install another version, and select the version before the latest
Reload vscode
After doing this, my copilot started working again.
Comment on answer 4: it seems that using the latest version that just came out (17 December at 4 am ET) solves this issue for me! They solved the bug I think
Answer 5: Go to your Github account and check if you have paid the bill, In my case that was the problem.
Answer 6: In Visual Studio, if you are the one that disabled the Copilot before you can enable the following way.
Either search for ""Copilot"".
Or go to Tools>>Options>>GitHub>>Copilot
Go to Enable Globally and change from false to True.
[image]
Answer 7: Went to copilot extension settings and changed
[code]
to
[code]
and it suddenly started working. I may have opted to disable it for typescript in a GUI a day or two ago - if so that would indicate more state than what is seen in the settings.json file (?)."
U075,71807157,https://stackoverflow.com/questions/71807157,Naikho,2022-04-09,"Title: PHP Session reset on refresh with chrome but stay normal in private navigation
Question: after hours and hours of research I leave it to you.
I am creating an administrator part for my site in MVC architecture with a .htaccess which redirects everything to a main index.php.
I made a classic connection system with a classic hash and some personal ip ban systems to avoid attacks.
Until then everything is normal, I use $_SESSION to keep the connection active and my session_start() is called before the site to be sure to be correctly placed.
the problem is that my session resets each time I refresh the page.
I did a lot of testing and I affirm that it resets well, I know that it is not from PHP, that I did not misuse my session but that chrome or gandi in one way or another another act on my session and break it to me.
For example, when I use chrome in private browsing or firefox or when I'm local I have no problem and the connection goes perfectly well
I haven't seen anyone with a similar problem and I don't know what to do, I uninstalled and reinstalled chrome, I reset some cookies, I reset some data but nothing to do, it doesn't change anything.
EDIT: here is some more code in order to be more clear on the problem
to show a concrete example of the problem, I made a test file which creates a session and adds 1 each time we refresh the page
on chrome it leaves me at 1 but in private browsing it adds me well +1 at each refresh
index.php (of my test project)
[code]
EDIT:
ok, so in private browsing I have this result and $_SESSION[""count""] is incremented correctly
network pass private nav
but in normal browsing $_SESSION[""count""] does not increment and 5 JS scripts are added to the request but I don't know where they come from, it may come from some Google Chrome extension but I have already tested without extension and with and it doesn't change anything, I don't understand why $_SESSION[""count""] refuses to increment.
network pass normal nav
Comment on question: $_SESSION is set by cookie usually its phpsessid by default, you may have disabled cookies in the browser as possible cause. Maybe the server configuration is messed up about the phpsessid cookie. And because it works based on cookie you have to set it before any output, you said that ""session_start() is called before the site"", the site may not be the only output, but if that is wrong it wouldnt work anywhere nither firefox or anything. You can inspect the communication per request/responce to see if the cookie is there and the value is correct.
Comment on question: Please provide enough code so others can better understand or reproduce the problem.
Comment on question: Inspect the communication, like open devtools in browser, select network tab, refresh page, select the first request from list then select headers tab, here you see request and responce headers, you should see cookie header only in request section with name phpsessid and constant value, do it in normal and private browsing and report what you find out.
Comment on question: @Kazz I've add some screens and more explains in edit.
Comment on question: Why haven't you take a look at the headers which are directly responsible for the session behavior as i said in prev comment ? The scripts you find out are most likely extension and i doubt (even when they could) interact with your session cookie. Another question which arise is do you experience same behavior on other websites ? Because why would it be only yours if the extension cause it ?
Answer 1: I finally solved the problem by resetting my site's cookies, which I thought I had done, but there might still be special cookies that were hindering the connection to the site, unfortunately I did not look at the data that did that but it must probably come from a bad manipulation on my part.
I can finally log in
thx all
Comment on answer 1: Your answer could be improved with additional supporting information. Please edit to add further details, such as citations or documentation, so that others can confirm that your answer is correct. You can find more information on how to write good answers in the help center."
U076,71818580,https://stackoverflow.com/questions/71818580,linka,2022-04-10,"Title: How to enable `Github Copilot` typing `Tab` to auto completes in markdown files?
Question: I can get some suggestions by copilot in .md files, But when I keydowned Tab, it only added a space, not autocompletes the suggestion, What should I do can autocomplete the suggestion?
[image]
Answer 1: To enable suggestions for GitHub Copilot with a Tab key, follow the steps below.
Open the file keybindings.json in Visual Studio Code. This can be done by pressing Ctrl + Shift + P, and typing Open Keyboard Shortcuts (JSON).
In keybindings.json, add the following.
[code]
This should now enable you to accept suggestions in Markdown using the Tab key!
Comment on answer 1: Thanks for your answer, I tried a while, editor.action.inlineSuggestion.commit is a invalid command, but editor.action.inlineSuggest.commit is a valid command, base on your code, I wrote a seems correct keybinds Comments cnat't add block code, so I edited my question for adding keybinds Thanks again
Comment on answer 1: [code]"
U077,71834183,https://stackoverflow.com/questions/71834183,Micael Jarniac,2022-04-11,"Title: URIs to log in on VS Code don't work on Vivaldi
Question: I'm on Manjaro KDE, using Vivaldi browser, and VS Code from Snap.
To log in to things like Sync Settings on VS Code, it opens your browser to a page where you can log in to GitHub, and it then tries to open a magnetic URI with VS Code, containing the generated tokens.
Since I moved to Manjaro, this never worked for me, but before, prior to trying to open the magnetic URI, the web page showed you the URI and allowed you to copy-paste it manually back into VS Code, and that's what I used to do, and it worked fine.
Now, that option seems to be gone, and it logged me out of basically everything on VS Code.
What happens is the following:
Go to ""Sign in to Sync Settings""
[image]
""Sign in with GitHub""
[image]
Page opens on browser, prompting to ""Open xdg-open""
[image]
Another instance of VS Code appears, ""Visual Studio Code - URL Handler""
[image]
This remains loading for a while
[image]
And then it says ""Cancelled""
[image]
The same happens whenever I try to log in on the other options, Copilot and Live Share.
System info:
[code]
VS Code info:
[code]
Edit: It seems that using Chromium as a default browser worked, so this issue is likely related to Vivaldi somehow."
U078,71848842,https://stackoverflow.com/questions/71848842,Medallyon,2022-04-12,"Title: Target Framework not installed when opening a Unity project with Visual Studio 2022
Question: I am trying to open a C# solution that has been generated from a Unity v2020.3.19f project with Visual Studio 2022. Opening it with Visual Studio 2019 works just fine, but there are reasons I'd like to be able to open it with v2022 (such as GitHub Copilot). I did not have issues with this on my previous install of Windows 10.
Upon opening the solution in VS2022, I get the following pop-up prompt for every project in the solution:
[image]
Choosing the first option updates the target project to .NET Framework 4.8 and loads the project, but the whole file appears with red lines. When hovering over an underlined bool Property, the error shows as: `CS0518: Predefined type 'System.Boolean' is not defined or imported.
Choosing the second option opens this URL in my browser, prompting me to install .NET Framework 4.7.1 targeting pack (which was already installed via the Visual Studio Installer). When I try to install the .NET Framework 4.7.1 runtime, the installer responds with [code] When I try to install the .NET Framework 4.7.1 Developer Pack, the installer allows me to choose from ""Repair"", ""Uninstall"", or ""Cancel"". Repairing has no effect.
I installed both versions of Visual Studio (2019 & 2022) the usual way through the Visual Studio Installer, along with the ""Game Development with Unity"" workload, which tells me it's installed all dependencies just fine:
[image]
Here's what I've tried so far:
Uninstall & reinstall all versions of Visual Studio through the Visual Studio Installer
Uninstall & reinstall Unity, with the Visual Studio module installed through Unity Hub (which just opens the Visual Studio Installer for me to choose which version I want to install)
Regenerate project files through the Unity Editor
Uninstall any references to .NET Framework through the Control Panel
Try reinstalling .NET Framework targeting pack 4.7.1 either from the Visual Studio Installer or manually through the Microsoft SDK website from the prompt
Nothing works for me. Any help on how to make VS2022 stop complaining is greatly appreciated.
Update 1: I found a couple of threads where people suggested simply pressing the Regenerate project files button in ""Edit -> Preferences -> External Tools`. This has not helped me.
Update 2: I've tried everything I can possibly imagine, in different orders and different combinations. I even reinstalled Windows 10 to no avail. It's like Visual Studio just doesn't want to accept that the .NET Framework 4.7.1 targeting pack is installed. Please help :(
Comment on question: Try to delete Assembly-CSharp.csproj in the project folder, then execute ""Regenerate project files"" and paste the file in this question.
Comment on question: do you have the sdk itself installed? check here. I would try installing the missing specific one, if that does not work, maybe with some later version...
Answer 1: That is a very interesting problem, my main solution for you to first try is to make sure you are even targeting the correct .net framework in UNITY before you even build the solution. You are using the .NET 4.x, you need to go into your configuration settings and player settings in unity and ensure its not on a different version, for me, unity still defaults to .net standard 2.0. Follow the steps located here. To do so.
Another solution is to see if that first option actually gives you errors that prevent you from using unity, because I know that Visual Studio Code has problems occasionally where it tells me im wrong, my program is wrong, every life choice I have made was poor and I am poor, yet in unity, there are no errors showing in the console and I can hit play no problem. In that case I just had to rebuild a few times and fiddle with vs code until omnisharp stopped yelling at me.
Apperently I have been in a similar situation as when you were getting the error ""Predefined type 'System.Object' is not defined or imported"" because looking into it, I already have clicked on some of the links, try this one if that error persists. If you cannot prevent the errors to begin with, I would recommend you trying to fix the upgraded version from option one as that is more than likely going to get you the closest to a solution.
Answer 2: check this
https://learn.microsoft.com/en-us/answers/questions/733018/visual-studio-2022-cannot-locate-installed-net-fra.html
If you modified the value of ProgramFilesDir(x86), just to modify it back to C:\ProgramFiles(x86) can solve the problem"
U079,71894664,https://stackoverflow.com/questions/71894664,Rhyez,2022-04-16,"Title: Confused on github copilot solution that works but not sure why
Question: So I was stuck on a bug in my React App (I am new to react and JS in general) where I wanted to filter a list of company names so that they are all unique and dont repeat. So having access to github copilot I turned it on and out came a solution that worked but I have no idea why or what its doing. If anyone could help me?
[code]
I dont understand how [...new Set(companyNames)] filters out the unique names or what is happening. To my understanding you can only use the spread operator on an array that already exists so didn't know where the new was coming from either.
Comment on question: IN SET all values are unique
Comment on question: Because that's how Set works. It stores the unique values of any type. To understand you should study developer.mozilla.org/en-US/docs/Web/JavaScript/Reference/…
Comment on question: developer.mozilla.org/en-US/docs/Web/JavaScript/Reference/… if you push an already existing value to set it wont be saved
Comment on question: [...Set(...)] converts the array to a set, discarding duplicates, then back to an array again. The spread operator can be used on various collections, not just arrays.
Comment on question: ""To my understanding you can only use the spread operator on an array"" - no, you can use it on any iterable object. And Sets implement that interface, so that's why you can use it here.
Answer 1: The expression const uniqueCompanies = [...new Set(companyNames)]; contains the following interesting properties:
[] is an array literal
new Set(companyNames) a new JavaScript Set that can contain only unique values by design, providing the filtering ""out of the box"".
... The array spread operator here will spread the Set to Array, thus effectively converting the Set to Array."
U080,71905508,https://stackoverflow.com/questions/71905508,Nothing here,2022-04-17,"Title: How to filter parents by nested objects/arrays values
Question: I am trying to allow users to search for nested items using a searchTerm.
The parent array is departments which may contain department objects.
Each department object has a name key as well as a roles array.
Each roles array may contain employees and supervisors arrays of objects.
Each employee or supervisor object contains a role, first_name and last_name key.
The rules are as follows:
Any department which has a name key which matches the searchTerm should return all nested objects without filtering.
If there are no departments with department.name matching the searchTerm then we should filter for any employee or supervisor object which contains a role, first_name and last_name which includes the searchTerm.
An example departments array:
[code]
I currently have it filtering by the first_name, last_name, and role and filtering any roles that don't contain any of these. But I would also like it to return any department and all of it's nested objects if the department.name contains the searchTerm.
Current filtering logic:
[code]
Answer 1: I was able to figure it out (no thanks to the person who marked this as 'close' because it needs more focus). GitHub CoPilot was able to fill in the code I needed after I wrote the steps in comments.
I felt I needed to add a second filtering function, which filters all the departments by department.name:
[code]
Then I need to check to see if the department already exists in the final array. If it does exist then I should replace it with the department in filteredByDepartmentName. If it does not exist then I should .push() it into the final array:
[code]"
U081,71993339,https://stackoverflow.com/questions/71993339,Wilhelmo Gutred,2022-04-25,"Title: Why does Github Copilot label method arguments?
Question: I was using Github Copilot to generate integers to add to an ArrayList, but for some reason it adds e: before the argument
[image]
I've been using Copilot for a while, but I've never encountered this. Why does this happen?
Comment on question: This has nothing to do with copilot, it's just the IDE labelling the arguments with the parameter names; usually provided by the respective language server.
Comment on question: What language and what IDE is this?
Comment on question: @Bergi it's Java in Visual Studio Code
Comment on question: Does this answer your question? Why is VS Code showing this these labels or parameter names for System.out.println() in java files? Also here and there
Answer 1: That’s just how Visual Studio Code renders subroutine calls by default.
Comment on answer 1: IntelliJ IDEA does it as well; looks the same too.
Comment on answer 1: Is there a way to remove this?"
U082,72064329,https://stackoverflow.com/questions/72064329,bonum_cete,2022-04-29,"Title: Github copilot seems to be having problems
Question: None of my extensions in VScode were working after disabling them all I see this message in the console.
[image]
Any idea how I go about fixing this?
Answer 1: This is a bit belated, but in general I'd suggest updating both GitHub Copilot and VSCode to the latest versions if you appear to have compatibility problems.
In this particular case I suspect that you were using a newer version of Copilot with an old version of VSCode. We did try to set version restrictions to avoid this but they may not have worked properly."
U083,72130766,https://stackoverflow.com/questions/72130766,Newbie007,2022-05-05,"Title: How to Show Module List in VS Code?
Question: So I just started coding with vs code, and curious about how to keep showing this module list. Because it's going to help me so much to define what I must be supposed to code after the module before.
How to show this list?
[image]
Comment on question: Use extension PyLance
Answer 1: That is called intelliSense and you have to download it to enjoy it :)
Answer 2: also there are some AI powered auto complete tools :
TabNine
GitHub Copilot
Kite
Answer 3: This is IntelliSense, a function of vscode.
IntelliSense is a general term for various code editing features including: code completion, parameter info, quick info, and member lists. IntelliSense features are sometimes called by other names such as ""code completion"", ""content assist"", and ""code hinting.""
You could install the extension and get code tips.
You can also refer to the document of vscode for more details."
U084,72174839,https://stackoverflow.com/questions/72174839,xezo360hye,2022-05-09,"Title: GitHub Coptilot does not work in NeoVim when editing Python
Question: I have Arch Linux and so the latest NeoVim release is installed (0.7.0 at this moment). About a month I started using GitHub Copilot and it worked well in Bash, SH, JS and others. Yesterday I wanted to rewrite some program in Python but Copilot didn't work. Tried it in different files and languages - works everywhere but not Python! :Copilot status shows ""Copilot: Enabled and online"", but gives no suggestions. :Copilot panel shows ""Synthesizing 0/10 solutions (Duplicates hidden)"". :Copilot log contains nothing. I remember that some time ago it worked as expected but now it does not. I don't have any ideas why is that happening. As an Arch user I reject VisualStudio Code and other IDEs and prefer working in terminal. Anything that may help?
Edit: just discovered that opening a file without .py and printing #!/usr/bin/env python3 works for Copilot, but in this case there's no syntax highlight. Reopening with :edit adds colors but breaks Copilot
Comment on question: I'm having the same issue in Go. I am however using a new M1 machine. Although the exact same .vimrc :Copilot status says all is ok. log contains nothing
Comment on question: @RichardVartanMelkonian I've just tested, the same thing. Strange!
Answer 1: I've just solved it on my machine. I used nvm to set my NodeJS back to v16.13.0. reloaded neovim. Copilot now working as expected.
Copilot was not working on NodeJS v18.0.0.
What's annoying is tim-pope doesn't have the issues section active on the repo. So I'm sure others will run into this. Let me know if this solves it for you.
Comment on answer 1: When I downgraded to one of the latest 17 version Copilot showed just ""Error"". Downgrading to older breaks Node because it can't find libcui18n.so.70 - I have .71 now
Comment on answer 1: Figured it out, 17.9.0 is the right choice. Thank you!
Comment on answer 1: I can confirm the same issue. It doesn't want to work with 18.
Comment on answer 1: I've recently switch to lua and use this lua plugin to run copliot. No issues found on multiple versions of node github.com/zbirenbaum/copilot.lua"
U085,72206362,https://stackoverflow.com/questions/72206362,Nothing here,2022-05-11,"Title: How to dynamically map over object
Question: I need to dynamically insert a list of values as the key to be mapped over. The list here is employeeTypes. I need to map() over every role.supervisors and every role.employees..
Attempt:
[code]
I am sure it is easy, I just can't seem to visualize what I need atm. All help appreciated!
Edit:
This is the department object:
[code]
Comment on question: forEach doesn't return anything. It just iterates. It would help to have a minimal reproducible example rather than ""do something with item"" which, in the context of the code you've provided, is fairly meaningless, and doesn't help us debug the problem. What does your input data look like (a sample), and what output are you expecting?
Comment on question: You will have to show roles object along with what you are trying to do
Comment on question: @Andy thank you for the input. I have updated to show the department object as well as a minimal reproducible example. Apologies for not providing enough info the first time.
Answer 1: This should be roughly what you're looking for. Your first goal is to get all relevant people into one flat array. After that, it's easy to iterate using Array#map. Something along the lines of this:
[code]
Answer 2: You could try something like this:
[code]
Comment on answer 2: So, this is what I had previously but the return value of both employee => and supervisor => are the same, so I am trying to go back optimize a bit (since the prototype is done).
Comment on answer 2: You could possibly make a single function which gets called in both the do something with this employee and the do something with this supervisor sections?
Comment on answer 2: That's true, and actually a great way to go about it! I didn't think about it that way. Check my answer for the way I did it.
Answer 3: You can fix your component like this. Here is the working example https://codesandbox.io/embed/goofy-aryabhata-4bbonf?fontsize=14&hidenavigation=1&theme=dark
[code]
Answer 4: With the help of GitHub CoPilot (writing psuedocode comments), I was able to solve the problem using employeeTypes.map() then making sure that the Array.Prototype() has a return statement in it - as such:
[code]"
U086,72207701,https://stackoverflow.com/questions/72207701,Siegfried,2022-05-11,"Title: How to deploy minimal ASP.NET/Razor WebApp with Github Workflow using VS 2022 CI/CD feature to generate YAML?
Question: Background:
I'm trying to use that Visual Studio (2022) CI/CD feature (part of the publish feature) that automatically generates the workflow YAML file in the .github/workflows directory.
When I trigger the workflow with a push, I always get this same error:
[code]
I clearly have a .csproj file that is being committed and checked in... You can see it in my git hub repo.
What I have tried:
I've been following these directions that make no mention have having to edit the YAML file.
As can bee seen here .github/workflows/xyfolxgnipoogweb.yml and here and again here) I've been trying to guide it to my project files as per this Microsoft example that demonstrates the paths: '**.csproj' syntax and github copilot suggestions and bing/google searching... Nothing works (so far).
Is it necessary to edit this YAML file generated by Visual Studio? If not, what could be wrong?
Thanks
Siegfried
Comment on question: I had originally thought that the path clause would tell the runner where the csproj file was. Apparently this is not so: it is for specifying which file changes can trigger a build.
Answer 1: Note:
I had some trouble with the repository linked in the original problem statement above and I have since created another github repo (again)...
Problem: Wrong Directory!
Visual Studio 2022 generates this code:
[code]
Resolution: Specify the child directory where the source code is!
The above code is incorrect and it necessary to manually edit the file specify the correct directory:
[code]
Diagnosing the Problem:
Adding this diagnostic code helped identify the problem:
[code]
I hope this will help someone else someday."
U087,72222950,https://stackoverflow.com/questions/72222950,Jake Horban,2022-05-12,"Title: IntellJ | Exception in plugIn GitHub Copilot (1.1.20.1417)
Question: After updating my copilot plugin in IntelliJ I tried to log in where I am redirected to a webpage, I enter my information, click authorize and the page congratulates me with being all set. However, when I return to the IDE I am shown a pop up with the following error message:
""The login to GitHub failed. Please try again""
In the bottom right of the application window I get an indicator of IDE internal error (IDE fatal error):
[code]
Things I have tried with no results:
removing the copilot plugin from IntelliJ, downloading an earlier version of the plugin, and importing it from disk to IntelliJ but I still get the same issue
updating IntelliJ
Answer 1: It’s a bug in co-pilot.
See their bug tracker: https://github.com/github/feedback/discussions/16230
Answer 2: Following the link by @Konstantin Annikov
TL;DR
Downgrading Copilot to 1.1.16.1219
worked for me on Intel MacBook 2018"
U088,72228174,https://stackoverflow.com/questions/72228174,Impulsleistung,2022-05-13,"Title: Accept line by line from autocompletion
Question: I'm using GitHub—Copilot in a VS-Code environment. Given the autocompletion feature, I want to have the possibility to only accept line by line.
For example: The autocomplete shows five lines on TAB, but I just need the first two of them.
Is there a config file or any other possibility to achieve this?
Comment on question: When you have something autocompleted (in light grey), either you accept it or not, but AFAIK you can't accept only one line. What I do is to start typing what is suggested (if its cool for me), and try to have a better suggestion then.
Comment on question: Starting with VSCode 1.74, you can now accept a suggestion word by word for the first line by using the new editor.action.inlineSuggest.acceptNextWord command. Assign the command to a shortcut key and press it as many times as needed to complete as much of the first suggested line that you want.
Answer 1: Method 1 (Config):
Go to Co-pilot extension settings.
Edit advanced settings
paste this in the settings.json file
You must adjust based on the number of tokens. Try it out a few times to see what works best for you
[code]
Method 2 (With Intuition):
This is something I found annoying at times.
Upon using it for months, I found that if you want only a line but it is showing you 5-6 lines of autocomplete, you just type something in the current line and it should only autosuggest the line you are on.
for eg, let's say you are trying to make a function that counts prime numbers. Let us say you write a comment and expect it to finish the function.
Usually, when you comment, it should show you the whole function at once when you name your function or sometimes even hit enter right after the comment.
But instead, you simply name a variable called prim and it should autocomplete the rest based on its approach. It could be primes = 0 and keep on hitting enter, you should see line-by-line.
TLDR;; If you want it to complete, just ""restrict"" its predictions by telling it how you want it to look by just trying about your business!
Edit:
As Randolph said in the comments, now you have a setting to do this
Answer 2: The CoPilot extension makes a request to the OpenAI completion API. (see docs for reference: https://api.openai.com/v1/completions )
These settings can be affected by tuning the
github.copilot.advanced settings of Copilot.
You could try to increase the limits that are responsible for
[code]
These are the undocumented settings in GitHub Copilot v1.70.8099:
[code]
Source: [image]"
U089,72234717,https://stackoverflow.com/questions/72234717,Marlon,2022-05-13,"Title: Duplicate keystrokes on cshtml editor
Question: I'm having a strange problem in Visual Studio 2022, and would like to know if someone else faced it.
It only happens when editting .cshtml files, on Asp.net MVC projects, ocasionally when I press a key on the keyboard, the editor insert that same letter 2, sometimes 4 times. I need to restart my machine to solve it, but it will eventually return. The image bellow ilustrate the problem, I've typed and got this result:
[image]
It doesn't happen on .cs, .js files, or in any other editor in my machine.
Comment on question: try to reinstall it, thanks
Answer 1: You most likely have GitHub Copilot activated. If so, try deactivating it.
I was going nuts with this too, until I found out that it was GitHub Copilot that was doing it once in a while. I have not found a solution to it, other than deactivating Copilot.
You can see a thread on it here: https://github.com/github-community/community/discussions/14206
Boa sorte ;-)
Comment on answer 1: I'm going to try the solution to uncheck the option ""Enable for HTMLProjection"", as said in the link you sent, this way I don't have to disable CoPilot. E Obrigado ;-)"
U090,72282605,https://stackoverflow.com/questions/72282605,BlueFalconHD,2022-05-18,"Title: Javascript check if cursor is touching an element on the page that follows a specific list of element tags. (No JQuery. Vanilla JS Only)
Question: So I am implementing a little circle around you cursor that expands when your mouse touches a button, an a, and an image. I have a lot of code to make this work, and I am not going to make you go through all of it. The gist is, i have a function: checkIfTouching. Here is the code (messy but idc):
[code]
It works perfectly. The issue I'm having is I get all elements on the page, filer them out, and then I loop through each one using a for loop. This stops the circle from expanding fully because I am hovered over one object, and it has to switch between both. My question is: Is there a way to run a function on all items in a list, or make the for loop run faster. You can see my entire cursor.js file here: https://gist.github.com/BlueFalconHD/eb8a246035e317bfc5d3b0a210b71b6c.
I really do not understand this enough, and have no idea half of what this code does honestly. It was written by copilot. Anyway, thanks for the help! :)
Comment on question: And why not do it in SVG and just change your cursor on a mouseover event on elements of the same class?
Comment on question: I want it to be dynamic, And I dont want to have to add mousover to every element.
Comment on question: So what? just use one event delegation for everything!"
U091,72311242,https://stackoverflow.com/questions/72311242,N&#237;colas Franzolin,2022-05-19,"Title: Please upgrade your Copilot extension to continue using this service
Question: Today I tried to use the copilot, but suddenly this error start appearing:
[code]
I tried to uninstall and install again and reload, but nothing happens, anyone have any idea how to solve this problem?
There's an error description in the image below:
[image]
Comment on question: Please copy and paste the error here instead of providing a screenshot.
Answer 1: You should uninstall the extension and download the latest version from this page in the form of VSIX file. After that you can install the extension from that VSIX file.
I think it is because there is some API changes and the latest version of the extension. However, it is still marked as preview. When we click on install from the built-in extension browser, it just install the latest stable version.
https://marketplace.visualstudio.com/items?itemName=GitHub.copilot
Answer 2: This can be resolved by upgrading VSCode itself: Help → Check for Updates / Install Available Updates.
You may or may not need to re-install the extension and re-authenticate with git.
Reference: https://github.com/github/feedback/discussions/15684
Answer 3: As @emragins suggested, go to Help and check for updates/restart to update
Once you are back on VS Code check if the Co-pilot is activated.
If it is not activated/still gives the same error.
Search for co-pilot in VS Code extensions search
Click on co-pilot extension in the search results, you should see restart/reload required.
Reload and it should be working now. If not try closing VS Code and opening it now.
Answer 4: if you are on a linux device, update your vscode first then update your co pilot extension it will work.
Answer 5: In my case (on a mac) I had to do the following:
Move Visual Studio Code from Downloads to Applications
Restart
Update Visual Studio Code
Sign into Github
Open extensions and locate Github CoPilot
Click ""Reload Required""
Comment on answer 5: It worked! I just wasn't able to update the VS CODE version before the restart, so swap stages 2 and 3
Comment on answer 5: Thanks @YosiLeibman, I've swapped those around."
U092,72336936,https://stackoverflow.com/questions/72336936,1euro7cent,2022-05-22,"Title: Resize image keeping aspect ratio and fit in bounds nodejs
Question: I need to resize images to fit in a specific dimensions. I want to keep aspect ratio.
For example
[code]
I have not found anything that could do that(calculations for w and h)
and I am too dumb to figure it out by myself
copilot suggested me something that just keeps aspect ratio
If you want to use packages. I prefer jimp for image editing.
Comment on question: your original image and your result have different aspect ratios ... ie 975/634 ~ 1.54 but 85/50 ~ 1.7
Answer 1: [code]
Comment on answer 1: That won't work because it doesn't respect the maximum size of the image that it can be
Comment on answer 1: Try it now. Check if the image is horizontal or vertical and use this value to calculate the aspect ratio. and height.
Answer 2: Calculate the aspect ratio of your original image and of your maximum dimensions. According to that ratios, either take the maximum width or height as fixed and calculate the other side accordingly.
[code]
But any decent image processing library will have the functionality, that you can pass in the maximum dimensions and define to keep the aspect ratio and will do these calculations internally ..."
U093,72456344,https://stackoverflow.com/questions/72456344,Evgeniy,2022-06-01,"Title: Codingbat challenge: maxBlock
Question: Given the task maxBlock from CodingBat:
Given a string, return the length of the largest “block” in the string. A block is a run of adjacent chars that are the same.
[code]
My solution passes all the tests except one:
[code]
What is the problem here? How could I fix it?
[image]
Comment on question: I suggest you run your program locally and add some debug System.println statements (or use the debugger) and try to figure it out.
Comment on question: (but as a hint: what about when you get a new largest block, but you aren't at the end of the block yet?)
Comment on question: you must set currentBlock = 0; if chars are unequal and not like that
Answer 1: You're not correctly resetting your currentBlock count. You need to reset the currentBlock to 1 if the following character is different from the current one. If not, you need to continue increasing currentBlock:
[code]
Comment on answer 1: yes, but counting from 1 is stupid a little bit. count from 0 and return maxBlock+1 looks clearer to me
Comment on answer 1: @user184868 Agree. Besides that, there are more improvements that could be made, but wanted to keep my changes minimal as not to obfuscate what the issue was with the original code.
Answer 2: This code is generated by GitHub Copilot plugin for IntelliJ, you need just type int maxBlock then GitHub Copilot generates rest of the code:
[code]
I only added if (s == null || s.length() == 0) return 0; to generated code.
Comment on answer 2: Doesn't really explain to the op what the issue was
Answer 3: Although I think @Robby Cornelissen and @Eskandar Abedini's solutions are definitely more viable than mine and closer to the original code, I would like to chip in to offer a different approach by using regex and a bit of coding logic.
The following regex looks for a match where a character reappears 0 or more times. This could be employed with the results() method of the Matcher class to extract the longest match found.
Here is a link to test the regex
https://regex101.com/r/OcMoQ9/1
Code Implementation
[code]
Link to Test the code
https://www.jdoodle.com/iembed/v0/rH7
Output
[code]
Comment on answer 3: You don’t need a construct like Comparator.comparing(Integer::intValue), you can simply use Comparator.naturalOrder() for comparing Integer objects. However, even simpler is to use .mapToInt(match -> match.group().length()) .max() .orElse(0)"
U094,72505280,https://stackoverflow.com/questions/72505280,曹培胜,2022-06-05,"Title: IDEA plugin 'github copilot' can't login in github
Question: My IDEA plugin, GitHub copilot, can't login in GitHub.
It is wating for GitHub Authentication...
[image]
But! My VSCode can login in successfully.
Answer 1: Update your github-copilot to the latest version (1.1.24.1610) then close IDEA.
Download this version of github-copilot (1.1.20.1417) and Extract it
Navigate to [code]
Copy the core-1.1.20 file
Navigate to
For IntelliJ IDEA
[code]
For Android Studio
[code]
Replace core-1.1.24 with core-1.1.20.
Comment on answer 1: Can you share a link for the reported issue or source of the solution? It looks like this problem persists for many months.
Comment on answer 1: @DawidPura use this new method github.com/djoxy-code/Github-copilot-Fix
Answer 2: Also make sure u have successfully signed up with providing payment method :) (https://github.com/features/copilot) Intelij idea ignored my logins until I've configured it on GH side.
Answer 3: It sometimes does this at least it happened today on PhpStorm 2023-1 EAP. Before it worked normally. I wonder if I would pay them the same way as it is working.
Comment on answer 3: I wanted to try added billing account , and I cannet get signed in status in android studio is this like normal ? :)
Answer 4: I had the same issue with my JetBrains products.
Get to this website and activated Github copilet for my Account and it worked.
https://github.com/github-copilot/free_signup
Answer 5: remove folder and reinstall plugin in intellij
\Users\user_acc\AppData\Roaming\JetBrains\IntelliJIdea2022.3\plugins\github-copilot-intellij
note:
replace user_acc by your user account
replace IntelliJIdea2022.3 by your version
Answer 6: My issue is the same. Copilot works fine in VsCode but with IntelliJ, only the first log in when I install Github Copilot works. All following login actions failed.
My solution is to open [code] (replace by your computer name) and you will see file hosts.json
Delete all data in this file and try to log in Github Copilot by IntelliJ.
You must delete this file data every time you reopen the IDE. It's manual but this is my best solution.
Hope it helps you
Answer 7: In my case the login popup was not showing anymore on the mac - uninstalling and reinstalling the app was not working - I had to change the value signinNotificationShown to false in this file:
[code]"
U095,72529618,https://stackoverflow.com/questions/72529618,DanielB,2022-06-07,"Title: Github Copilot stopt working in vs studio
Question: I used copilot for 1-2 months, and a few days ago
it stopt working in wpf but in console it works
Comment on question: for your information, if you you receive an answer which ""realy helpt"" (stackoverflow.com/questions/72956599/…) - you don't delete entire post, you accept the answer (stackoverflow.com/help/someone-answers). if you read my answer, applied it, and then rewrote the question with working code, which invalidated the answer, and then deleted the post - I won't bother with any suggestions ever again even if it is absolutely trivial
Comment on question: @ASh Sorry bro, I made a mistake cus I didn't know how to handle а question please forgive me."
U096,72537148,https://stackoverflow.com/questions/72537148,Andre.L,2022-06-07,"Title: Custom IntelliCode prediction with Visual Studio extension
Question: I would like to add the custom IntelliCode prediction/inline suggestion in Visual Studio with extension. In VSCode, I can use vscode.InlineCompletionProvider/InlineCompletionItem to do that. What's the class/method that would do the same things in Visual Studio extension?
[image]
Answer 1: You can implement your custom language-based statement completion. Please take a look at:
Walkthrough: Displaying Statement Completion
Implementing Custom XAML Intellisense VS2017 Extension
Visual-studio – Custom Intellisense Extension
Custom Intellisense Extension
Another different option is using GitHub Copilot extension for Visual Studio, it predicts code using AI
Answer 2: I had the same requirement but I did not find any API for that.
However, what you can do is use adornments to draw a text that looks like code.
Define the adornment:
[code]
Get the layer and add a TextBlock:
[code]
You can get the current editor settings as follows:
[code]
The issue with this approach is that the styling and font size slightly differs from the editor. Even if you use the editor setting.
However I think that IntelliCode and GitHub Copilot use another technique. As you can see here:
GitHub Coilot
It seems as the whole code is already inserted to the editor but has a special styling/behaviour. So it is possible somehow, but I don't how to achieve that.
For more information on adornments look here for example:
Visual Studio Text Adornment VSIX using Roslyn"
U097,72554328,https://stackoverflow.com/questions/72554328,Exploring,2022-06-09,"Title: How to fine tune fine tune GitHub Copilot?
Question: We can fine tune language models like BERT, GPT-3.
Can I fine tune GitHub Copilot model?
I have already looked into examples from https://copilot.github.com/ but cant find the details.
Would really appreciate if someone had fine tuned Github Copilot.
Answer 1: There does not seem to be a client-facing feature allowing you to fine-tune Copilot directly.
Here are two illustration as to why this feature is, for now (Q2 2022) missing.
The Copilot feature page initially included this:
How will GitHub Copilot get better over time?
GitHub Copilot doesn’t actually test the code it suggests, so the code may not even compile or run. GitHub Copilot can only hold a very limited context, so even single source files longer than a few hundred lines are clipped and only the immediately preceding context is used. And GitHub Copilot may suggest old or deprecated uses of libraries and languages. You can use the code anywhere, but you do so at your own risk.
As Tomek Korbak explains on Twitter:
Actually, Copilot's completions will always be optimised for human's liking, not necessarily compiler's liking.
That's because the language model training objective (predicting the next token in text) is great at capturing short-term dependencies (which explains the human feel of generated snippets).
But it struggles to capture long-term, global, semantic properties of generated sequences such as compilability. And there's no easy way of including compilability as a signal for their training.
The standard way -- fine-tuning language models using RL with compilability as a reward -- notoriously leads to catastrophic forgetting: less diverse and less accurate completions.
Tomek references ""Energy-Based Models for Code Generation under Compilability Constraints (pdf)""
[image]
Our solution (KL-DPG) boosts compilability rate of generated sequences from 55% to 70%.
RL fine-tuning can do better but at a cost of catastrophic forgetting.
Overall, energy-based models (EBMs) turn out to be great at expressing weird, sequence-level constraints that would be super hard as to express as normalised priors for autoregressive language models.
EBMs provide a way of injecting our structured, symbolic knowledge into large language models without breaking them down or sacrificing their uncanny abilities.
The space of further applications in controllable generation is huge.
So not so easy.
Tanishq Mathew Abraham explains in ""Coding with GitHub Copilot""
I wonder if the GitHub team might also develop a way of perhaps fine-tuning GitHub Copilot to specific use-cases.
For example, there may be a specific GitHub Copilot models for fastai, JAX, etc. They would be fine-tuned on the source code of of these libraries and codebases that use these libraries.
But making sure that the tool does not provide outdated suggestions would still be a challenge.
I don’t think it would be possible to provide suggestions for a brand-new library that does not have enough codebases using it to train on.
Additionally, for situations like fastai where there are older APIs and newer APIs, when fine-tuning a model, the codebases using the older APIs would have to be filtered out.
Answer 2: No, not at all. There is no storing of GitHub Pilot's model in the client's system and also no access is provided to the model since now they have started charging for their services hence making it more obvious that their project isn't and won't be open-sourced.
Answer 3: OpenAI API offers the ""Davinci Codex"" machine learning model with a pay-per-hit subscription, similar to the the non-coding version of the davinci model.
OpenAI should enable the fine-tuning option to Davinci Codex as well. When they do it you will be able to use it via API calls.
After checking that prerequisite, I think you could link the OpenAI API to your local installation of Github Copilot via some code changes, in theory that should be possible.
The first step is probably to have a fork of the copilot VSCode extension that calls the OpenAI Codex API (or an entirely custom extension which inserts text in your code)
Then you would point it to your fine-tuned version of the model. To learn about fine-tuning OpenAI models you should look at their documentation:
https://beta.openai.com/docs/guides/fine-tuning
Note that they have also a openai CLI that allows you to do most of the data loading and fine tuning tasks.
Unfortunately at the moment you can only fine tune the non-coding version of OpenAI models, hope that they will make available Codex soon.
Comment on answer 3: @makevoid - pretty sure you are wrong. You cant fine tune codex. You can only fine tune GPT.
Comment on answer 3: @Exploring true, you can't fine tune davinci codex yet, only normal davinci, hopefully they will make it available soon
Comment on answer 3: are aware of any tentative timeline? Thanks.
Comment on answer 3: @Exploring I don't know - btw there is also GPT-J-6B (open source, much smaller model) which someone successfully fine tuned to generate code, but that's a much bigger task and not as good as Codex/Copilot
Comment on answer 3: @makevoid There is another open-source alternatives to Codex called CodeGeeX. The code is available at github.com/THUDM/CodeGeeX The model weights can be applied and download."
U098,72562648,https://stackoverflow.com/questions/72562648,רועי סלע,2022-06-09,"Title: GitHub Copilot in IntelliJ does not work, becomes red, cannot update it or uninstall it
Question: My GitHub Copilot got messed up: it doesn't work and I cannot update it or uninstall it because I get an error.
When I type even one character in the IDEe the logo becomes red:
[image]
If I dare to try uninstalling it or update it I get this error:
[image]
I would appreciate an advice on how to make it work again. It is so darn convenient.
Comment on question: Delete it directly from the location mentioned in the error?
Comment on question: How about deinstalling IntelliJ and installing the plugin after a fresh installation?
Answer 1: The copilot-agent-win.exe process does not stop automatically. Stop that process manually in Task Manager while the IDE is running. Then uninstall or update the GitHub Copilot. Restart the IDE and you should be able to use Copilot again.
Answer 2: Sorry, though I already wrote the solution, in the end what I have done is
delete it directly from the location mentioned in the error
I was able to delete it after I understood that copilot-agent-win.exe process does not stop automatically and i stopped it via the task manager.
Then I downloaded copilot again, and all is well now."
U099,72571613,https://stackoverflow.com/questions/72571613,Sparcyx,2022-06-10,"Title: copilot error : [Error] An error occurred for 'ReturnKeyCommandArgs'?
Question: When I want to use comments an error is displayed :
[code]
I have already reinstalled vs 2022 and copilot.
Thanks in advance
Answer 1: I was having the same issue. Updating VS fixed it (in my specific case, to 17.2.5)."
U100,72600079,https://stackoverflow.com/questions/72600079,yoKurt,2022-06-13,"Title: How to use ""Next/Previous"" suggestion shortcuts for Github Copilot on a Mac?
Question: I am trying to use GitHub Copilot on my Mac with Pycharm. Tab works great but I can't cycle through the previous and next code suggestion. Documentation says I should use:
[code]
but if I do, I only get brackets in my code. I should just press Option + 5 or Option + 6 right?
Comment on question: same problem. . . no one is talking about this :*
Answer 1: I thought I had this problem.
It turned out that the current version of copilot simply only had one suggestion in a lot of cases.
You can see if copilot has alternate suggestions by hovering your mouse over the suggestion. For me, in the cases where the keyboard shortcuts 'didn't work', there simply were no other suggestions available.
Answer 2: You should just update the shortcut.
In pycharm, webstorm.... : go to ""Preference"" > ""Keymap"" and look for ""Copilot: show previous /next completion"" and add your custom keyboard shortcut.
Answer 3: For Visual Studio Code
[code]
search for these two expressions;
Previous
[code]
Next
[code]
Decide which shortcuts you want to put.
Congrats it's working now.
Answer 4: I have tried this in VScode. You can use
Option+\
to trigger the first suggestion then use next and prev shortcuts to cycle through the suggestion
Answer 5: Try with Crtl+. and Crtl+, on Ubuntu, found these shortcuts alternatives already defined in Settings > Keymap [GNOME], Main Menu > Tools > GitHub Copilot as @Palisanka suggested
Answer 6: I got configured NvChad and neovim on my mac, both works amazing. I you didn't modify the default Copilot key map TAB then you should be fine following the recommendations for the Copilot plugin.
I use OPT + [ or OPT + ] for the suggestion, or TAB for current suggestion.
: help Copilot
[code]"
U101,72617988,https://stackoverflow.com/questions/72617988,Jo Liss,2022-06-14,"Title: Can you make GitHub Copilot opt-in on a per-project basis?
Question: I'm using the VS Code GitHub Copilot extension. Sometimes I edit files that contain secrets, and I don't want to accidentally send those to Microsoft/GitHub.
Is it possible to make Copilot opt-in, so that it is only enabled if I have explicitly activated it for a project?
Answer 1: You can disable the extension and then enable for only the projects and workspaces you want it to be enabled."
U102,72643259,https://stackoverflow.com/questions/72643259,coderWZL,2022-06-16,"Title: VSCODE cannot be logged in through github, only Microsoft's login option
Question: VSCODE cannot be logged in through github, only Microsoft's login option, which makes me unable to use Copilot
Before that, I disabled the GitHub identity authentication plugin (plug-in ID: vscode.github-authentication)"
U103,72656062,https://stackoverflow.com/questions/72656062,Plaul,2022-06-17,"Title: How to implement a shared secret version of NimbusJwtDecoder and NimbusJwtEncoder
Question: I’m trying to implement a solution with the encoder/decoder from the org.springframework.security.oauth2.jwt package with a shared secret.
But my attempt fails when I try to encode a token with a JwtEncodingException.
I have asked this question in another form, but here I include a simple ready to execute example, to verify the problem.
[code]
jps has come up with a an explanation to why this doesn't work (AES is not a valid signature algorithm), thanks :-)
I guess my question could then be rephrased into: how do I implement a shared secret version of these two encoders/decoders, for example with HMAC using SHA-256?
[code]
I tried (a lot) but have not yet succeeded ;-(
Any suggestions for how to fix this problem?
Comment on question: I guess it's because of the AES key. AES is not a valid signature algorithm in JWT.
Comment on question: Yes, that seems like a sensible explanation - thanks. The reason why I went this way was an example taken from chapter 15 in the book “Spring Security in Action” where the decoder is implemented as in my example. This book does not present an (synchronous) example with the org.springframework.security.oauth2.jwt.NimbusJwtEncoder since the token was generated by a separate authentication server. I have update my question to reflect your input
Answer 1: With the input from jps (AES is actually OK for encrypted tokens, but not signed) and Github Copilot I came up with a working solution using HMAC-SHA256:
[code]"
U104,72664871,https://stackoverflow.com/questions/72664871,Alberto Carraro,2022-06-17,"Title: Clicked element changes the style of other elements
Question: I have the following html with three identical ellipses. The file style.css defines the styles unselected-key and selected-key. Using pure JavaScript/CSS I want to achieve that when an ellipse is clicked its style changes from unselected-key to selected-key and every other ellipse gets the style unselected-key. The solution should adapt easily to the case of a large number of ellipses in the svg image.
[code]
Comment on question: and what you've tried so far ? this is not a code service site
Comment on question: It is expected that you have made an attempt to come up with a solution. What did you find when researching this issue?
Comment on question: [code]
Comment on question: I added a <g id=""container""> tag all around the three groups containing the ellipses
Answer 1: Without any joke: As you called this ""Experiment"" I did an experiment myself. I put your HTML in VSCode and asked the Github Copilot to do the following:
// add a listener to the svg ellipses so when an ellipse is clicked, the class of the ellipse is changed to selected-key and all
other ellipses are changed to unselected-key. If the ellipse is
already selected, the class is not changed to unselected-key.
It did spit out this:
[code]
What should I say? For me it works. I'm probably roasted for this, but I found it funny enough to still post it.
Comment on answer 1: Funny thing is: Copilot even write most of the comment describing what I want itself. And it was mostly right."
U105,72713852,https://stackoverflow.com/questions/72713852,Louis Lecouturier,2022-06-22,"Title: Is there a way to prevent Copilot to make suggestions about paths
Question: Copilot is suggesting relative paths that are not correct and makes a suggestion each time I write a ""/"" in my path string
[image]
which prevents me from seeing these path suggestions from my IDE [image]
Is there a way to only disable Copilot for import paths ?
Comment on question: Were you able to find a solution?
Comment on question: Unfortunately not
Comment on question: Thanks might be a deal breaker! I find it overriding tools that work all the time, is somewhat cumbersome haha
Comment on question: Yes it is hahaha. I usually keep Copilot disabled. I only use it when I am stuck or when I need to do create generic code.
Comment on question: Still waiting on a solution for this
Answer 1: You can use Ctrl+I to trigger the suggestion feature in VS Code. If it doesn't work, you can go to the shortcut settings of VS Code and find the shortcut key for triggering suggestions"
U106,72750893,https://stackoverflow.com/questions/72750893,Zebratic,2022-06-25,"Title: Co-pilot doesnt work proberly on Visual Studio 2022 'ReturnKeyCommandArgs'?
Question: Im having an issue with my co-pilot installation on Visual Studio 2022, im running the stable community version, and im running it with extensions, of course. However, i HAVE tried disabling AND uninstalling all my extensions, and it will still not work the way it should.
Co-pilot works fine on Visual Studio Code, its only Visual Studio 2022 that im having issues with.
The exact exception im getting is as follows:
[code]
For my attempts to fix this, I have tried:
Uninstalling/Disabling all my extensions
Reinstalling Visual Studio 2022
Reinstalling Copilot
Tried experimental releases of copilot
Cleared Visual Studio Cache
Changed default keybinds
Unauthorized and then authorized copilot again
Tried other coding languages (C#, C/C++, even Python, HTML and PHP (Yes i know its meant to be done in VS Code, its for testing...))
Please if you have had this issue before, and have recently fixed it, please share your solution. I've seen multiple people having the same issue as me, however with no current solution.
I would preferebly stay with Visual Studio 2022 specifically, and not older versions or any other third party, as its my main IDE, and i use it for all my needs.
EDIT: I did absoloutely nothing, and after a week, i tried to activate copilot globally again, and it magically works... what..."
U107,72809236,https://stackoverflow.com/questions/72809236,Louis Ingenthron,2022-06-30,"Title: VS2022 with GitHub Copilot adding random spaces while typing
Question: Not sure if this is a Visual Studio 2022 bug or a GitHub Copilot bug, but frequently when I'm typing, it will just add a ton of spaces in the middle of the text wherever the cursor happens to be. It's gotten to the point where it's really affecting my productivity. For an example, see here:
[image]
I was just typing the word ""Console"" and it added those spaces in the middle on its own.
Any ideas on which settings I might tweak in VS to remove this annoying behaviour?
Thanks in advance.
Comment on question: It can be a keyboard bug as well. Do you encounter the problem in other apps?
Answer 1: I have not experienced the same thing as you, but I would check the settings that you see with the suggested snippet. My guess is you are having conflicts between Visual Studio IntelliCode and GitHub Copilot.
You should try unchecking ""Show whole line completions"" as a start.
[image]
Comment on answer 1: Copilot already disables that option when it's installed and active for the current doc.
Comment on answer 1: Copilot didn't automatically disable it for me. After some time working with it, unchecking the box seems to have solved the issue.
Answer 2: Latest version 1.31.0.1 should work better in this regard. Which version are you on?
Comment on answer 2: That is the version I'm on, as reported by VS's Extension manager."
U108,72828223,https://stackoverflow.com/questions/72828223,Mordor1110,2022-07-01,"Title: Get github copilot suggestions only when requested
Question: Is there any GH Copilot configuration setting for getting suggestions only when I request them? Like a shortcut or something like that... I haven't found any similar in it's documentation
Comment on question: Did you find a satisfying solution? In the same boat right now!
Comment on question: Dorin Botan's solution was good enough (stackoverflow.com/a/72828447/12615886), Although the suggestions are not inline but in a new tab
Answer 1: You can disable inline suggestions with the github.copilot.inlineSuggest.enable setting, or with the Trigger Inline Suggesion hotkey (Alt + \ on Win/Linux, ⌥ + \ on Mac).
To ask for a suggesion, use [code] hotkey (Ctrl + Enter on Win/Linux, Ctrl + Return on Mac).
Comment on answer 1: No shortcut to just reopen the last inline suggestion (I sometimes reject them by mistake)?"
U109,72877008,https://stackoverflow.com/questions/72877008,stevec,2022-07-06,"Title: How to do regular 'tab' without triggering CoPilot in vscode?
Question: When using CoPilot with vscode, by default, it uses tab to accept CoPilot's suggestion.
But sometimes I want to genuinely make a tab at a point in the code where CoPilot has other ideas.
How can I make a tab in that position without triggering CoPilot?
Answer 1: Today there isn't a solution to this problem, but a possible workaround is to change the copilot shortcut that accepts the suggestion.
On VS Code: File>preferences>Keyboard shortcuts
and search for 'editor.action.inlineSuggest.commit', the command that accepts the Copilot suggestion.
I used the shortcut Alt+a to avoid conflicts with other commands.
Answer 2: With an inspiration from @SvMax I decided to just make a shortcut for tab.
So, I have two ways to print tab - tab or alt+tab
To do so:
CTRL+p -> >shortcuts json
add the following config
[image]
[code]
[image]
That's it. Now if you see Copilot is trying to mess up your tab use alt+tab but if not you can use both alt+tab or tab.
But yes, it's so confusing that we should messing up with shortcuts in such a simple case. Hope they will fix it soon because now... I mean... Why anyone could think this suggestion can be useful? :)
[image]"
U110,72911525,https://stackoverflow.com/questions/72911525,beatrice zmau,2022-07-08,"Title: How can I use Github Copilot in Android Studio?
Question: Is it possible to use the new Copilot plugin from GitHub in Android Studio? I see they advertise it for Visual Code, but I am working in Android Studio and I would like to test it.
GitHub (https://github.com/features/copilot?utm_medium=email&utm_source=announcement&utm_campaign=copilot-technical-preview)
GitHub Copilot · Your AI pair programmer
GitHub Copilot works alongside you directly in your editor, suggesting whole lines or entire functions for you.
Answer 1: UPDATE: As Chiara mentioned, now its just as easy as go to: File → Settings → Plugins and just search for ""GitHub Copilot"".
Deprecated:
Yes it is, You need to go to the JetBrains marketplace, download the latest Copilot plugin version and then manually install it in Android Studio.
See pictures attached.
Go to settings [image] then go to manual plugin installation [image] then go to install from disk [image] and then choose plugin location (choose the one you downloaded in the first step). [image]
Comment on answer 1: Copilot comes up in the Marketplace search now under File → Settings → Plugins and no longer needs to be manually installed. I confirmed that it has the latest version.
Answer 2: File --> Settings --> Plugins --> type ""copilot"" in search field and install.
Answer 3: For Mac & Android Studio Dolphin:
[image]"
U111,72966174,https://stackoverflow.com/questions/72966174,Maximilian Jesch,2022-07-13,"Title: Get github copilot recommendations with vscode in a jupyter notebook
Question: I am trying to use github copilot in a jupyter notebook in vscode. It is working great so far, but the short cut to get 10 more recommendation which is ""Ctrl + Enter"" is already taken in jupyter notebooks to execute the current cell. Is there a recommended solution for this (I assume very common) problem or do I have to creat custom shortcuts?
Answer 1: Yeah, there is an easy solution for that.
Simply open your command palette using F1 or Ctrl+Shift+P. Than enter ""Open Github Copilot"" and the suggestion tab will open:
[image]
The Output will look as follows:
[image]"
U112,73010768,https://stackoverflow.com/questions/73010768,vexliva,2022-07-17,"Title: Copilot suggestions still remain after i leave insert mode ( neovim )
Question: I am using copilot in vim, everything is great but i have a problem. When in insert mode, the copilot automatically suggestion the hint ( gray colors ) but after i leave insert mode, the hint is still visible and it cause irritating. How could i config that the copilot will also remove the hint after i leave insert mode in vim
enter image description here
Here is the config what i have so far
[code]
Answer 1: Be sure you are exiting insert mode with either Esc or CTRL+], as opposed to CTRL+C. This removes the suggestion text for me (neovim 0.7.2 and copilot.vim 1.7.0).
For reference, :help i_CTRL-[
[code]"
U113,73028823,https://stackoverflow.com/questions/73028823,Saul Mu&#241;oz Garcia,2022-07-18,"Title: Visual studio writes 4 characters for each pressed key in cshtml files
Question: I'm working with a .cshtml file in visual studio, the first seconds after I open the file everything seems normal, but after I write some letters Visual Studio starts writing 4 characters for each pressed key...
[image]
I'm working with Visual Studio 2022 V17.2.5 (Community edition), ASP.NET Framework V4.6.1 and using Razor pages. Assuming its a bug i'm reporting it as one to Microsoft ¿Has anyone run with the same problem and a solution to work around it?
This is the entire .cshtml file:
[code]
Thanks!
Comment on question: How long does this behavior last? Once you get past the first few seconds of normal and it starts doing this does it last forever? Is it anywhere in the file or only in strings like you show? Have you tried disabling any extensions you have installed?
Comment on question: It last forever, and just found out that outside Razor expressions the words only repeat twice... Will try disabling some extensions
Comment on question: It really sounds like you have some sort of extension that is acting up. I can’t imagine what kind of extension would need to insert keystrokes the user just executed, but if it did and suddenly it wasn’t handling the event properly I would expect this kind of behavior. Check your installed extensions and disable any that aren’t from Microsoft specifically and edit your question with the results.
Comment on question: You should move the solution you put in your edit into an answer and then accept it. It's better for you to answer your own question because it shows up as having an answer when people search the site. And it shows up on your profile as contributing an answer to the community.
Answer 1: I tried disabling some extensions as @Logarr suggested and found out the GitHub Copilot extension was causing the issue, then I disabled the 'Enable For HTMLProjection' option on the copilot quick menu and the abnormal behaviour stopped occurring...
[image]
Still don't know why the issue only happened in certain cshtml files, hope this helps someone facing the same problem.
Answer 2: I tried to repro this and it doesn't seem like Copilot causes this issue anymore. Please try again with the latest version of the extension on your cshtml file!
Answer 3: I had the same problem, except I was only getting 2 characters, not 4.
It was only affecting .cshtml files in VS2023.
I had the 'Use Legacy Razor editor for ASP.NET' selected. This had not been a problem until it decided to go haywire halfway through a coding session.
Change it to False and restart VS.
[image]
Comment on answer 3: I had also the duplicate keys annoying behavior. Checked this and it was False. Changed to True, and restarted VS. Continued happening. Came here again and returned it back to false and restarted one more time. It is still happening... :("
U114,73056354,https://stackoverflow.com/questions/73056354,true_mogician,2022-07-20,"Title: Copilot's inline suggestion suppresses quick suggestion widget in Visual Studio 2022
Question: In Visual Studio 2022, when GitHub Copilot suggests an inline hint, the quick suggestion widget will be suppressed, as shown in the following gif.
[image]
This annoys me a lot since sometimes I need to browse the suggestion widget to view code documentation, especially when using an unfamiliar framework.
Is there an option to prevent the inline hint from suppressing the suggestion widget? Or if someone else has already submitted the suggestion to Visual Studio, please show me the link, since I didn't find such issues in VS community myself."
U115,73056498,https://stackoverflow.com/questions/73056498,aaportel,2022-07-20,"Title: Can I use github-copilot strait on jupyter-lab/notebook?
Question: I do a lot of stuff over a remote jupyter server. I've been using vscode to run notebooks on those servers because it was the easiest way I could find to develop while using copilot, but it's become rather cumbersome and was hoping for a simpler solution.
Thanks for any help y'all can provide!
Answer 1: Not an answer, but too long for a comment.
There does not seem to be as of mid 2022 an implementation.
Copilot uses an underlying tool, OpenAI Codex, which has a model called codex-davinci-002, which can do code completion.
https://beta.openai.com/docs/models/codex-series-private-beta
(it's worth noting that OpenAI also have a model confusingly called text-davinci-002 which converts natural language to code, which is not what we want). It's free but has a beta waiting list. There is a jupyterlab attempt at this called jupyterlab-codex. It may have worked at some point given the search results, eg. https://medium.com/codex/jupyter-notebook-can-do-that-b3185058fe76. So a thing to keep an eye out for is ""Jupyter + Codex"" in addition to ""Jupyter + copilot"".
Edit There are several recent GPT3-based tools for code completion in Jupyter Lab, but, as far as I have found they are not as good or even slightly eerie as Copilot. Copilot does have the annoyance that the tab key is for its accepting Copilot suggestion and PyCharm's suggestion and for adding spaces. In Jupyter Lab tab gives a tooltip with a select element, and this seem the tools Tabnine or kite cleanly use this, but will not go beyond variable completion. Say the simple case were you have written [code] , in Copilot 3-4 correct lines will be suggested with docstrings too, this is not the case in the jupyterlab clones I have tried, which cannot be coerced into suggestion even the 2.6 factor.
Comment on answer 1: There is an open source implementation for emacs (github.com/zerolfx/copilot.el) so it's doable.
Comment on answer 1: In GitHub @parththakkar has a great breakdown of Copilot frontend, thakkarparth007.github.io/copilot-explorer which may be a good starting point for making a Copilot plugin. A notebook ipynb file is just a JSON in a simple schema and jupyterlab extensions frequently requires nodeJS, so I agree it could be doable albeit with a decent amount of coding. However, lawyers are scary, annoying and inexplicably slow, so before venturing into this territory one would need to get a MoU with GitHub lest one get a cease and desist order after writing 20-50,000 lines of code, many of which JS.
Comment on answer 1: Hmm, I'd be inclined to just do it, but human experience has altered my risk tolernace. The emacs backend actually uses a nodeJS server for what it's worth - so perhaps some of this code could be reused or one could communicate to this server used by emacs via HTTP. This might reduce the legal liability but not the ""shifting sand effect"". It might be nice to have a ""standard"" interface for completion... which this server might represent - one could replace copilot with [one of these visualstudiomagazine.com/articles/2021/09/24/….
Comment on answer 1: The best experience for CoPilot with Jupyter Notebooks I know is really VSCode. It works great for local notebooks, but also allows for remote servers (the annoying part is that you don't open the remote notebook but rather connect a local notebook to a remote kernel). code.visualstudio.com/docs/datascience/…
Comment on answer 1: You can us starcoder and open source alternative to copilot
Answer 2: Jupyter note book can also run on PyCharm or DataShell, with which copilot is compatible.
Other code completion AI may also worth considering. Tabnine, which can run directly on the browser for jupyter lab or notebook, is available for free or as a more powerful paid version.
Answer 3: There is now a way to do something similar. With the new edge the bing tool can read the juypter notebook and you can ask it to generate you code
Comment on answer 3: As it’s currently written, your answer is unclear. Please edit to add additional details that will help others understand how this addresses the question asked. You can find more information on how to write good answers in the help center.
Answer 4: You can use this : https://github.com/bigcode-project/jupytercoder
It's a solution to have AI code completion with starcoder (supported by huggingface).
You have to create a free API token from hugging face personal account and build chrome extension from the github repository (switch to developer mode in chrome extension menu).
To have a code completion, press ctrl+space and then press ctrl to accept the proposition.
It works in jupyter notebook (only jupyter notebook, not lab).
Comment on answer 4: Your answer could be improved with additional supporting information. Please edit to add further details, such as citations or documentation, so that others can confirm that your answer is correct. You can find more information on how to write good answers in the help center.
Comment on answer 4: I helped you with polishing a little (me not being a native speaker either). But do not bother to apologise for your English, as long as you do your best (and already quite decent). Have fun. Thanks for taking the feedback."
U116,73075410,https://stackoverflow.com/questions/73075410,TedTran2019,2022-07-22,"Title: Rails not able to find partial
Question: I have a folder structure like
[code]
The error is
[code]
I'm trying to render
[code]
The exact same code worked in Rails 5.xx, but I'm on Rails 7.xx now and I'm stuck on this error.
Answer 1: In Rails 7, including the extension on the file results in an error.
[code]
Works and Rails is able to find the partial. The error message is pretty useless in this case because it just seems like you're doing it right. Also, I can't find any documentation at all on the options hash you're supposed to pass to render partial. My Github Copilot just auto-completed it for me, then I scoured the internet trying to find information pertaining to it but couldn't.
I'm assuming you just look at the error message
[code]
Then realize the options are locale, formats, variants, handlers?
Answer found here https://stackoverflow.com/questions/71069354/rails-7-missing-partial
Comment on answer 1: guides.rubyonrails.org/…
Comment on answer 1: Thanks a lot, Alex! Damn, that's a harsh lesson learned for me; read the official documentation rather than just googling and hoping for a quick answer. I guess the answer was right there in the official docs in front of my eyes this whole time"
U117,73177936,https://stackoverflow.com/questions/73177936,Irina Rapoport,2022-07-30,"Title: Any chance Github Copilot steals closed source code?
Question: I am pretty sure the answer is ""no"" or we'd hear about it, but wanted to double-check. Does Github Copilot even send any local code to the backend?
Ideally, I'd want an AI autocompletion tool to share proprietary code within an organization, and only there.
Answer 1: All calculations of GitHub Copilot happen on their Servers, none on your local machine. And if you don't disable telemetry as explained in their FAQ your interaction with Copilot (accepting/rejecting Suggestions) might be used to improve copilot, even tho they say your code will not be used. All this Information can be found in the FAQ: https://github.com/features/copilot (bottom of the page)
There are other competitors to Copilot that offer what you are looking for. Especially AI Learning on proprietary Code for your organization. But I won't disclose any names here since it could be seen as advertisement.
Comment on answer 1: Great answer, thanks! How much do you trust them once you've disabled telemetry? I think it's fair to disclose other products in comments. People advertise their own products here all the time. They just add a disclaimer that it's their product. With other products, I've never seen a problem. I think there is a rule against opinion-based questions, but no rule against mentioning products AFAIK. And comments seem fair game for everybody.
Comment on answer 1: I wouldn't say I distrust Microsoft. But I can understand every Sec person uncomfortable with the idea. My company is discussing to use a self-hosted version of tabnine. And even the not self-hosted options have the posebility for private learning and non-cloud suggestions. If you have a more concerned security department this might be a product worth taking a look at.
Comment on answer 1: Tabnine would be nice, because we are a gitlab shop. How secure is it? AFAICT, it's endorsed, but not owned by Gitlab. Do you feel it's safer than Copilot? How do they compare quality-wise?
Comment on answer 1: The project FauxPilot is working on a opensource copilot but I have no idea how far they are."
U118,73242748,https://stackoverflow.com/questions/73242748,Exploring,2022-08-04,"Title: GitHub Copilot - please login to github and try again
Question: For Intellij plugin, GitHub Copilot shows error please login to github and try again.
I have already done the following:
Authenticated GitHub Copilot with my GitHub user and password.
Allowed GitHub Copilot in GitHub account profile.
Restarted the IDE multiple times after the plugin installation.
I have license for Github Copilot.
What should I do to resolve this error?
Comment on question: Please state what versions you're using and confirm that you have a license for copilot.
Comment on question: The process was eventually resolved after uninstall/reinstall of the GitHub Copilot plugin.
Comment on question: I'd like to add that it is entirely possible your company is blocking access, like mine does. No error is shown. It just tries to connect and then disconnects.
Comment on question: just updated to v1.2.5.2507 for jetbrains and getting this issue again, seems it was working ok for a while but the problem is back and constantly have to do this log out restart dance. Really annoying for a premium plugin
Answer 1: Debanjan Basu suggests in the comments:
logout, restart IDE and login again.
You might have signed up for copilot after the session was initiated
You have multiple discussion reporting this error.
discussions 18132 includes:
Behind corporate proxy. Used latest stable version with CLion 1.1.28.1744 and added -Dcopilot.agent.disabled=true to Custom VM properties.
Also delete github-copilot.local.xml and github-copilot.xml in .config/JetBrains/CLion2022.2/options.
This has since been answered by GitHub staff member Benjamin Muskalla (Aug. 11th, 2022):
We’re happy to announce that the latest release of Copilot for Visual Studio Code and Copilot for IntelliJ contains preliminary support for connecting through HTTP proxy servers.
The current version supports basic HTTP proxy setups, with and without basic authentication.
For Jetbrains IntelliJ
Ensure you have Copilot for IntelliJ 1.1.29.1869 or higher installed in your IDE.
Setup the HTTP proxy in your Preferences.
Restart your editor so the proxy configuration is applied correctly to all components requiring connections via the proxy.
[image]
For Visual Studio Code
Ensure you have Copilot for VS Code 1.39.6432 or higher installed in your editor.
To set up your proxy, go to your VSCode Settings and ensure your HTTP proxy configuration is set up properly.
Alternatively, Copilot uses the http_proxy and https_proxy variables from your environment.
[image]
Restart your editor so the proxy configuration is applied correctly to all components requiring connections via the proxy.
Comment on answer 1: This doesn't work.
Comment on answer 1: @c-an I am sorry to read that. Can you describe your setup? What IDE are you using?
Comment on answer 1: I am using Android Studio - Electric Eel.
Comment on answer 1: @c-an The 2022.1.1 edition, I see. Do you see error messages similar to this?.
Comment on answer 1: No, I have no message alert but when I open Copilot panel, It says, Please Login to GitHub and try again. Even though I login, it doesn't go away.
Comment on answer 1: @c-an OK. What Os are you using? And are you behind a proxy?
Comment on answer 1: Can the IDE get an update to do this for us? It's been almost a month. Tagging anyone at jetbrains....
Comment on answer 1: @rollsch good question. Let me know if you get an reply from support, I will update this answer.
Answer 2: I have to restart my IDE, then go to tools->GitHub copilot:
1- restart IDE
2- got to ""tools"" -> ""GitHub copilot"" -> ""login to GitHub""
3- it will show you a popup with code, click on copy and open to add and trust your device.
[image]
Comment on answer 2: Wow, they really dropped the ball on this UX. Thanks!
Answer 3: I had the same problem after I quit my personal trial period and got access from the organization. Restarting didn't help, and logging in/out didn't work at all for some reason.
I uninstalled the plugin completely, restarted IDE, and installed it again and after another restart, everything worked."
U119,73255193,https://stackoverflow.com/questions/73255193,Pedro Braz,2022-08-05,"Title: Github Copilot won't retrieve suggestions on Pycharm
Question: Recently installed the latest copilot version (currently 1.1.28.1744) and the latest pycharm (currently 2022.2) and I can't get copilot to work on it.
The login and permission part goes through without any problems.
Once installed it is always ""retrieving suggestions"" forever, after I click refresh. But it never retrieves any.
I found a discussion on github community that suggested copying the software logs to facilitate any help, you can find the logs which I frankly do not understand on this discussion link.
Thanks!
Comment on question: I'm having the same issue with DataSpell. I hope they fix the integration.
Comment on question: They released an update that included proxy integration but it didn't change anything for me...
Answer 1: This can happen if you're behind a proxy. If that's the case, you can try configuring your proxy info in IntelliJ following this documentation.
Comment on answer 1: Thanks a lot. A few like that is the problem, because I can't complete the curl in that documentation. The problem is that even with proxy in the curl i still can't complete... still investigating
Answer 2: I am using macbook pro m1 2021. I was facing the same problem with the new version of pycharm 2022.3 . After long researches I found out that you have to install an older version. I have installed the 2022.1.4 version of pycharm and copilot works fine!
I hope this can help."
U120,73303215,https://stackoverflow.com/questions/73303215,Bar Akiva,2022-08-10,"Title: Github Copilot not working. Console ""Output"" window is empty
Question: I have searched across Github issues and stack overflow, and whenever someone fails to get copilot to work (not suggesting anything) everyone tells you to update vscode, the extension, and open View > Output.
Well I have both vscode and copilot updated to the latest version, as well as being authenticated on Github. When I open Output, I can see the logs of every extension except Copilot. This is where I am stuck because I didn't read anyone mentioning what to do when there is NO output.
Comment on question: Hey, I'm having the same issue and I also can't find anything online. Did you ever find a solution?
Answer 1: Had the same problem. Went nuclear and performed a complete uninstall of VS Code. I also backed up my extensions and setting files before uninstalling. After I reinstalled VS Code and connected to Github Copilot, the AI started to work."
U121,73427693,https://stackoverflow.com/questions/73427693,Elin_Rv0,2022-08-20,"Title: Why after i compile C++ code to install dlib and OpenCV,then my Intelicode Doesnt work
Question: As the title,after i using CMake to compiling OpenCV source code and dlib code to enable CUDA,they can work with CUDA in Python, but my Intellicode doesn't work
[code]
And that`s what happend in my Visual Studio Code
[image]
So, how should i do with that? There's only Github Copilot works lol...
Comment on question: Please post the code as text not an image.
Comment on question: you should rather as authors of Visual Studio Code for this problem. I think they should have place for Issues on GitHub.
Comment on question: There's a similar issue on pycharm."
U122,73464324,https://stackoverflow.com/questions/73464324,Miguel Gargallo,2022-08-23,"Title: Is there a way to replace all photos to others from a folder on Visua Studio Code?
Question: [image]
Is there a way to replace all photos from my code to others from a folder on Visual Studio Code?
Answer 1: Yes, you can,
Start by typing
[code]
at the beginning, in the middle you type the name of the first photo in the folder you want to place, and at the end you type
[code]
Then,
What it will do, is to replace
[code]
by the beginning of the path:
[code]
and
[code]
by
[code]
Only the first 4 names will be typed by hand.
[code]
Github copilot detects it, and gives you the correct suggestion.
[code]
[image]
Don't stop tabbing like there's no tomorrow.
and you're done.
Answer 2: 3 more ways to avoid visual studio code explicitly prohibit photo replacement solutions that works inside VS Code
With Bash terminal on VS Code, and command tree
With Python terminal on VS Code, do a mini executable to get all paths from the photos
With data fetch request xml to github folder on a small folder, create a small component to print the paths
Then go to VS Code and copy paste
Answer 3: And the most easiest way ever
Control Right click on photos:
[image]
Copy paths, and paste, bye bye solved.
[image]
Answer 4: Here is the proof that the solutions works.
[image]
At the end, you can.
Then just use Copilot to get the following pattern: until 57...
[image]
[image]"
U123,73497320,https://stackoverflow.com/questions/73497320,Toastlover,2022-08-26,"Title: yield keyword Question (run functions tough different files)
Question: I'm not sure if yield is what i need if i want to implement following logic
[code]
Now this will run the first line on execution first, now in case i want to run the function again if a specific if statement is ran, it use the first line. what should actually happen is to run the next line on each call:
[code]
Hope anyone could help me there (i wrote following in github copilot and it suggeted me following pice of code and i'm not sure if that's what i need):
[code]
Comment on question: The question doesn't show any research effort. Consider searching for similar problems before asking.
Comment on question: @SamAct Thank you for your comment but i've done some research.
Answer 1: IIUC, you are looking for an iterator over the list, and the way to get the next item is using the next function -
[code]"
U124,73506687,https://stackoverflow.com/questions/73506687,Ivory,2022-08-26,"Title: Sum of table column returns incorrect value
Question: Evening folks, first of all I am not too familiar with either JavaScript or AJAX I - I have some basic knowledge. With this basic knowledge and the use of StackOverflow and Copilot I have the following code. I have a table in HTML with a total column which I would like to sum at the bottom.
[code]
I am using HTMX to allow users to enter values so the contents of the table are dynamic
[code]
This code does work but only up to the value of 1000, e.g. If I enter 10 * 5 it will show 50 however if I enter 1000 * 20 instead of showing 20,000 it will show 20? I am at a bit of a loss as to why this would happen looking at the code, so any help would be appreciated!
Comment on question: Could you provide an example that we can run so we can experience your issue? While editing the question, look for the <> icon in the editor to create a snippet.
Comment on question: parseInt takes numbers until the first character that is not numeric. parseInt(20,000) === 20. Try to remove the comma first.
Comment on question: Not sure why you are explicitly stating it's base 10 - that is the default. And anways, you could simplify this a bit with something like total += +$(this).text().replace(/\D/g,'');"
U125,73602090,https://stackoverflow.com/questions/73602090,NoobMaster_69,2022-09-04,"Title: What is the meaning of this expression
Question: I am trying to push a integer that is stored in a string to a stack of type int I was trying to do the same by using stack.push(str[i]) which resulted in some weird values in the final outcome
Github copilot suggeted to do it this way which was succesfull
[code]
what is the meaning of -'0' here
Comment on question: Likely a dupe of Convert char to int in C and C++, but you haven't provided a minimal reproducible example, so it's hard to tell what you are talking about.
Comment on question: This should be explained, somewhere, in every C++ textbook. ""github copilot"" is not a replacement for a C++ textbook.
Answer 1: The char '0' has ascii value 0x30 (48 decimal).
The char '9' has ascii value 0x39 (57 decimal).
If you do '9' - '0' = 57 - 48 = 9.
So you are converting a digit from its ascii number '9' = 57 to its numeric value 9.
This is often used when fast-converting a string of integers to its numeric value.
Comment on answer 1: Thank you so much for the subtle explaination.
Comment on answer 1: Side note: This trick is guaranteed to work with all character encodings allowed by C++, not just ASCII."
U126,73639787,https://stackoverflow.com/questions/73639787,thewebtud,2022-09-07,"Title: Unable to use GitHub Copilot on WebStorm (JetBrains) when behind corporate proxy
Question: I'm behind a corporate proxy and unable to use GitHub Copilot on WebStorm.
This is the error that I'm getting:
[image]
GitHub Copilot is working on VsCode after using the monkey patch solution given in https://stackoverflow.com/questions/71367058/self-signed-certificate-in-certificate-chain-on-github-copilot
Is there any similar way to use it for WebStorm?
I'm using a Mac."
U127,73647046,https://stackoverflow.com/questions/73647046,Pirax,2022-09-08,"Title: IntelliJ IDEA and Github Copilot: not working due to self signed certificate
Question: it is really frustrating. Since the demo-end-day I'm not able to get Copilot running again. The login issues seems to be gone, but now I dont get any suggestions. I've found this log:
[code]
I'm working in a Windows10-machine and behind a corporate network including proxy, certifcates and stuff.
Copilot version: 1.1.31.1908
IntelliJ IDEA: 2022.2.1
Does anyone has suggestions what I can do?
Answer 1: Support for self-signed certificates is a known limitation in our current proxy support. We understand that there's a number of Copilot users that work in environments where this is a necessary requirement, that's why we have support for self-signed certificates on our radar and aim to implement the functionality in the future. We are unable to share a specific timeline for adding self-signed certificate support at this point in time.
I understand that this is probably not the answer you were looking for but I hope that it at least provides some extra context around the issue and the plans going forward. Thanks!
https://github.com/community/community/discussions/32285
Answer 2: I found a solution for this which works for me. I have blogged about it at https://sidd.io/2023/01/github-copilot-self-signed-cert-issue/
Fix is as follows :
Export the self-signed certificate in discussion
Convert it into .pem format if not already
Export the path of this .pem cert to NODE_EXTRA_CA_CERTS variable
Restart your Intellij and it should work
Answer 3: I had the same issue (on MacOS) and the debug log of Intellij showed that the codepilot plugin connect error was occuring in Java code.
Since Intellij comes with it's own Java/JDK runtime, which also has it's own certificate store, I added the custom root CA to this file and that made it work for me.
Can't tell the location on Windows, but on a Mac this will be in
[code]
So, find that file location, then add the cert with
[code]
Answer 4: Important - this will only work if you are at latest version of Pycharm/Idea and latest version of copilot plugin.
Open github.com on your browser click on lock icon and check if certificate is different(self signed) if yes, export it in .pem format.
On windows you have to convert it from .cer to .pem either using I hate to say online converter like: https://www.sslshopper.com/ssl-converter.html or via command line:
[code]
add NODE_EXTRA_CA_CERTS=<path_to_mycert.pem> environment variable
Answer 5: For people on windows.
Following @sedrakpc answer
Be sure to add NODE_EXTRA_CA_CERTS environment variable under ""System variables"" and not under ""User variables""
[image]"
U128,73682173,https://stackoverflow.com/questions/73682173,John Kears,2022-09-11,"Title: Visual Studio Exceeded execution timeout, attempting to auto cancel
Question: I am not sure what is causing this but while editing files within Visual Studio, I am periodically locking up with the following dialog showing.
[image]
Pressing cancel does nothing, after waiting for sometime I have to end VS via Task Manager.
I can't figure out why this comes up nor how to prevent it.
This is my VS configuration...
Microsoft Visual Studio Community 2022 Version 17.3.0
VisualStudio.17.Release/17.3.0+32804.467 Microsoft .NET Framework
Version 4.8.04161
Installed Version: Community
Visual C++ 2022 00482-90000-00000-AA497 Microsoft Visual C++ 2022
ADL Tools Service Provider 1.0 This package contains services used
by Data Lake tools
ASA Service Provider 1.0
ASP.NET and Web Tools 17.3.375.53775 ASP.NET and Web Tools
Azure App Service Tools v3.0.0 17.3.375.53775 Azure App Service
Tools v3.0.0
Azure Data Lake Tools for Visual Studio 2.6.5000.0 Microsoft Azure
Data Lake Tools for Visual Studio
Azure Functions and Web Jobs Tools 17.3.375.53775 Azure Functions
and Web Jobs Tools
Azure Stream Analytics Tools for Visual Studio 2.6.5000.0 Microsoft
Azure Stream Analytics Tools for Visual Studio
C# Tools 4.3.0-3.22401.3+41ae77386c335929113f61d6f51f2663d2780443 C#
components used in the IDE. Depending on your project type and
settings, a different version of the compiler may be used.
Common Azure Tools 1.10 Provides common services for use by Azure
Mobile Services and Microsoft Azure Tools.
Extensibility Message Bus 1.2.6 (master@34d6af2) Provides common
messaging-based MEF services for loosely coupled Visual Studio
extension components communication and integration.
GitHub Copilot 1.43.0.1 (v1.43.0.1@cb116db27) GitHub Copilot is an
AI pair programmer that helps you write code faster and with less
work.
GitHub Copilot Agent 1.43.6621 (v1.43.0)
Microsoft Azure Hive Query Language Service 2.6.5000.0 Language
service for Hive query
Microsoft Azure Stream Analytics Language Service 2.6.5000.0
Language service for Azure Stream Analytics
Microsoft Azure Tools for Visual Studio 2.9 Support for Azure Cloud
Services projects
Microsoft JVM Debugger 1.0 Provides support for connecting the
Visual Studio debugger to JDWP compatible Java Virtual Machines
Mono Debugging for Visual Studio 17.3.20 (3f4cb00) Support for
debugging Mono processes with Visual Studio.
Node.js Tools 1.5.40629.1 Commit
Hash:3f5cc0329815af3ffb948f08857446d206a9af36 Adds support for
developing and debugging Node.js apps in Visual Studio
NuGet Package Manager 6.3.0 NuGet Package Manager in Visual Studio.
For more information about NuGet, visit https://docs.nuget.org/
Razor (ASP.NET Core)
17.0.0.2232702+e1d654e792aa2fe6646a6935bcca80ff0aff4387 Provides languages services for ASP.NET Core Razor.
SQL Server Data Tools 17.0.62207.04100 Microsoft SQL Server Data
Tools
ToolWindowHostedEditor 1.0 Hosting json editor into a tool window
TypeScript Tools 17.0.10701.2001 TypeScript Tools for Microsoft
Visual Studio
Visual Basic Tools
4.3.0-3.22401.3+41ae77386c335929113f61d6f51f2663d2780443 Visual Basic components used in the IDE. Depending on your project type and
settings, a different version of the compiler may be used.
Visual F# Tools
17.1.0-beta.22363.4+1b94f89d4d1f41f20f9be73c76f4b229d4e49078 Microsoft Visual F# Tools
Visual Studio Inline Suggestions 2.2.2055.12395 Ghost text API for
Visual Studio inline suggestions
Visual Studio IntelliCode 2.2 AI-assisted development for Visual
Studio.
VisualStudio.DeviceLog 1.0 Information about my package
VisualStudio.Mac 1.0 Mac Extension for Visual Studio
VSPackage Extension 1.0 VSPackage Visual Studio Extension Detailed
Info
Xamarin 17.3.0.295 (d17-3@321c85a) Visual Studio extension to enable
development for Xamarin.iOS and Xamarin.Android.
Xamarin Designer 17.3.0.208 (remotes/origin/d17-3@e4f67afef) Visual
Studio extension to enable Xamarin Designer tools in Visual Studio.
Xamarin.Android SDK 13.0.0.0 (d17-3/030cd63) Xamarin.Android
Reference Assemblies and MSBuild support.
Mono: dffa5ab
Java.Interop: xamarin/java.interop/d17-3@7716ae53
SQLite: xamarin/sqlite/3.38.5@df4deab
Xamarin.Android Tools: xamarin/xamarin-android-tools/main@14076a6
Answer 1: Same here, 7 times yesterday morning.
Copilot extension is also installed in my VS2022.
I've disabled copilot globally and no more incidents for now."
U129,73705091,https://stackoverflow.com/questions/73705091,GorvGoyl,2022-09-13,"Title: Accept Github Copilot inline suggestion with right arrow key instead of tab in VSCode
Question: As mentioned, how can I accept the Github Copilot inline suggestion with the right arrow key instead of the tab key in VSCode?
Answer 1: Click File -> Preferences -> Keyboard shortcuts.
Search for 'editor.action.inlineSuggest.commit' (command that accepts the Copilot suggestion).
Double click it and assign new shortcut, for example right arrow key.
Comment on answer 1: It works most of the time, but sometimes it just move the cursor instead of accepting the suggestion. For example when the autocomplete modal is open. I tried to modify the ""when"" condition of several shortcuts but without any success. Any idea how to fix that ?"
U130,73709862,https://stackoverflow.com/questions/73709862,Esqarrouth,2022-09-13,"Title: Internationalization Architecture
Question: We're working on a web based video game: https://colonist.io/
We're interested in internationalizing our product and need advice on how we should handle it. i18next seemed like a well-designed framework with a lot of plugins that allow for integration with all kinds of different products, but after some research and testing we're finding some difficulties in gettings things to work in a way that is suitable for us.
We use Typescript across our code base. On the server side, we are using Express (Node.JS) to handle APIs and render EJS templates. On the client side, we're are not using any special library or framework, just vanilla Typescript, with SASS for styling and PIXI.js for game rendering. We use Webpack for bundling.
We have 3 folders, server, client, shared.
Currently, We have texts in multiple places in the code base:
Texts inside a shared text file, that can be accessed both from the server and client.
Texts directly inside EJS templates.
Texts directly inside TS code, both on the server and client.
Ideally, the system should work so that:
On the server side:
a. Easy to tie a locale to a http request/API request/socket connection (we're fine with disconnecting sockets when the language is changed)
b. Easily use the localized texts in EJS templates
c. Localize rendering SASS when needed (if style needs special rule for both LTR and RTL, etc...)
On the client side:
a. Code should only load the resources necessary for the selected locale (so no downloading Spanish for an English user).
b. Preferable handled by Webpack bundles and away from explicitly requesting resources asynchronously.
c. Caching.
Shared locales; no need to create separate files for the server and client.
Easy to add new entries, we'll probably automatically add or use GitHub Copilot/Google Translate for the majority of the texts.
Isolated languages/locales, not everything in one file.
Auto detect strings that need translation and giving notice.
Questions:
Would it be possible to achieve this directly with already-built plugins?
If not all, which can and which cannot?
How hard would it be to implement our own approaches for thing that don't work out of the box? Will it be difficult to do or prone to break? Will it need constant updates?
Are there other frameworks that can achieve this (and still handle most i18n cases like plurals, formatting, etc...)?
Answer 1: Yes.
It will take time, it will need constant updates up until some point. But after you cover everything, it will be easier.
Yes."
U131,73715053,https://stackoverflow.com/questions/73715053,Rickhomes,2022-09-14,"Title: Flatten an object preserving certain Fields
Question: I would like to flatten this object without flattening the keys $gt and $lt
[code]
the desired result would be
[code]
I have tried using flat library by specifying maxDepth of 2 but only works for gross_floor_area key
Comment on question: so ... is it the fact that those keys begin with $ that signifies ""don't flatten me""? because I can imagine it's easy to write code to do that
Comment on question: Is that the full extent of the object or just an example? If that's it why not just assign the object values to a new object with those keys.
Comment on question: yes all those keys that begins with $ should not be flattened
Answer 1: This will return the flattened object, without mutating the original object.
[code]
It doesn't work for all keys starting with $, as you mentioned in the comment to your question, only $gt and $lt. More specifically, it won't flatten the object that contains these two keys.
FYI, this was pretty much generated by GitHub Copilot. In case you use it, it's very helpful for achieving this kind of goals.
Comment on answer 1: @Rickhomes I edited my answer to not mutate the object."
U132,73751606,https://stackoverflow.com/questions/73751606,Mel,2022-09-17,"Title: Where to look for unexpected token error in next js app
Question: I am trying to figure out where to look for an error in my app that is reported in my browser console as follows:
[code]
It's a next app, so I think I'm supposed to construe the reference to index.js as a reference to _app.tsx.
I can't see a stray < in that file.
[code]
I'm not getting any errors in my VS Code terminal.
Can anyone help with a clue for how to find the error? When I run local host, the page loads, but when I fill in a form to make a user in my psql db, I get no response - just no user created.
I have found this article, but still can't see what I'm supposed to be looking for.
In the sources tab of my chrome browser, I can see the register page is identified (possibly as the source of the problem). That page has something that starts with doctype (and goes on with lots of random strings):
[code]
.... it continues on with lots of random chakra things before ending as follows:
[code]
In VS code, the register form does have JSON in it - in the submit handler, it has:
[code]
Type '{ try: { JSON: JSON; """": any; }; catch(error: any): void; }' is
not assignable to type 'BodyInit | null | undefined'. Object literal
may only specify known properties, and 'try' does not exist in type
'Blob | ReadableStream | ArrayBufferView | ArrayBuffer | FormData
| URLSearchParams'.
I think I'm not incorporating the try statement correctly in the submit handler, but I don't know how to do that differently - it's all underlined by copilot in the try block - I can't figure a better way to try to write it.
I also tried adding JSON.parse in front of the JSON.stringify block in the submit handler, as follows:
[code]
but it doesn't change anything - i still get the same error message in the browser.
I also tried it as follows (but no difference- and github copilot does not like that code - i don't know why)
[code]
I saw this post and have tried each of the approaches suggested in the solutions, on the register form - and still can't find a way to get this resolved.
In the network tab of chrome, all the status types show as 200 (ok), except for a websocket string (i dont know what that string is meant to convey) that is status 101.
Comment on question: please have a look at your ajax responses. chances are that one of them is returning a page rather than json.
Comment on question: How can I identify what an ajax response is in my code? Is there a statement that I could use to search for what that might be?
Comment on question: you could use the network tab in your console and look for the all the xhr responses?
Comment on question: Do you know anything else I can try?
Comment on question: all your ajax returns are returning json? I guess you are using graphql with the api. I would inspect the call closely. cant say much without the code
Comment on question: What does it mean to inspect the call? Sorry - I'm not familiar with the terminology? I am using graphql. I can't find which file I should be trying to search for errors within
Comment on question: network tab itself. I dont see anything else. sorry
Answer 1: I don't know why this worked or how it can be construed as a json error, but I ended up deleting my psql and reinstalling it. When I reinstalled it, all of these issues went away. That does not make any sense to me, and I dont understand how a psql address in the env variables could be construed as a json error, but after days of looking for what could be the problem, I am finally moving forward again. I hope this helps someone.
Comment on answer 1: Look... The thing here is that your code is kinda too verbose. To not say a mess. You did a fetch request to get Data from the backend. But the Postgres env vars were wrong, then the data couldnt be fetched, the backend returned an error that was translated to a page, and not to the expected data format to be parsed by JSON."
U133,73792971,https://stackoverflow.com/questions/73792971,bonaparten,2022-09-20,"Title: How to generate functions from an API spec
Question: I am very interested in Integration Platform as a Service.
As we know, it is possible to generate an API spec from an API. Is the opposite possible?
I want to write a piece of software that automatically create some functions for calling the endpoints of an Open API. In order to achieve that, the piece of software should consume an API spec and generate the code. Theoretically, this could be possible, if the spec covers all endpoints with all parameters of the API, etc. but:
this is often not the case
specs are written differently from each other
My question is: what should my software consume in order to get reliable information about the API endpoints, parameters etc.? Is there a standard for that? Is the API spec the way to go?
Answer 1: Look at Github Copilot. They're able to generate pretty descent facsimiles of functions from API spec. Just a word of caution, the function might not be 100% accurate and so you'll still need to check over it.
Answer 2: In a properly designed webservice there are at least 4 layers, presentation, application, domain and infrastructure.
[image]
REST documentation describes only the presentation layer's outer surface: HTTP interface and operations, so it is not possible to generate a complete webservice based on the REST API documentation. If your application does not have any kind of logic, it is just a data structure and CRUD, then it is possible, but in that case you'd better to find a database which has a REST API and very good access control and problem solved mostly.
If you have some sort of standard documentation like WADL or JSON-LD with Hydra, then you can generate a REST API skeleton for the presentation. I just googled the topic a little bit, maybe this thesis can be useful for you: https://repositorio.ul.pt/bitstream/10451/35311/1/ulfc121800_tm_Telmo_Santos.pdf"
U134,73827540,https://stackoverflow.com/questions/73827540,Chilusoft,2022-09-23,"Title: Annoying Sound with GitHub Copilot When making in-line suggetions in Visual Studio Code
Question: Problem Statement
For the last couple of days, I have been noticing that GitHub Copilot has been making a sound each time it makes a code snippet suggestion. At first, I thought there was something wrong with my computer and was worried that may one of the keys on the keyboard had jammed. It took me two days to figure it out that the sound was actually coming from GitHub Copilot.
The other problem is that I had to check the extension's settings and found nothing to do with disabling the sound that it has been producing, and there was no update for the plugin to any later version.
Request
How do I make this sound go away because it has actually been annoying me each and everytime a code suggestion has been made.
Comment on question: Does disabling the setting Audio Cues: Line has Inline Suggestion make any difference? You could also try setting the Audio Cues: Volume to 0 to see if it helps.
Answer 1: I suggested to disable the fairly new setting
[code]
and this worked for you.
If that hadn't worked there is a setting to would effectively disable all audio cues:
[code]
Comment on answer 1: You can place this value by going to: Extensions > GitHub Copilot> (click the gear) Extension Settings > follow ""Edit in settings.json"" Then add: ""audioCues.volume"": 0 to the json file."
U135,73848372,https://stackoverflow.com/questions/73848372,Ocean Overflow,2022-09-25,"Title: Can Github Copilot look at the context of a project with multiple files?
Question: Or it only analyzes and autocompletes using the context of standalone files regardless of additional files in my project?
Answer 1: Currently is it on the WIP stage.
https://githubnext.com/projects/copilot-view/
Comment on answer 1: While this link may answer the question, it is better to include the essential parts of the answer here and provide the link for reference. Link-only answers can become invalid if the linked page changes. - From Review"
U136,73879649,https://stackoverflow.com/questions/73879649,null_user,2022-09-28,"Title: Copilot for Visual Studio for Mac m1
Question: I am trying to install GitHub Copilot in Visual Studio for Mac as an extension. However, there is no option ""Manage Extensions"" in VS for Mac as shown here. [image]
Is it possible to add it somehow?
Comment on question: Unfortunately there is no Copilot support available for Visual Studio for Mac currently.
Answer 1: As mentioned in the comment, As of now (Nov 2022) this feature is not yet released for Visual Studio Mac. You can also follow this Github discussions"
U137,74008676,https://stackoverflow.com/questions/74008676,Shlomi Hassid,2022-10-09,"Title: question mark operator (?) before variables - what do they do in rust?
Question: I'm improving my rusty skills lately and saw (in some Copilot suggestions) the question mark operator used as a prefix of variables:
[code]
Obviously I googled it and read about the ? operator - yet, I could not find any useful information about that.
The closest piece of information I did find was related to the ?Sized trait.
Can anyone explain what is it used for? Should it be used? In which cases?
Thanks.
Answer 1: There is no ""question mark before variables"" in rust. However it can be used as a token in macros and seeing that your code uses it only in macros I believe that is the case here. If you would provide where debug and error macro come from it could be confirmed.
EDIT. Those macros are from tracing crate. As the documentation says:
The ? sigil is shorthand that specifies a field should be recorded using its fmt::Debug implementation
So this is not some general convention, but rather some specific syntax that designers of tracing crate chose.
Comment on answer 1: thanks, I'm seeing this in Copilot suggestion, I assume the macros are from the ""tracing"" crate. actually removing the question mark from the err triggers a compiler error saying the trait bound ......: Value is not satisfied.....
Comment on answer 1: I also looked into macros, in the rust book did not found nothing. So I thought its maybe some convention or something
Comment on answer 1: I feel so dumb, did not cross my mind that its a macro only thing and that its a specific crate implementation. Thank you for your help"
U138,74053250,https://stackoverflow.com/questions/74053250,hanshenrik,2022-10-13,"Title: How to get terminal text from gnu screen session?
Question: How do i get the terminal text from a GNU Screen session in PHP? I am puzzled because GitHub CoPilot suggest i can do
[code]
but that does not actually get me anything, just emptystring.
I came up with a much more complex, convoluted, and dodgy implementation, which works, but i hope, as CoPilot suggest, that there is a much easier way to do this, hence asking here: how should it be done? my dodgy implementation:
[code]
Answer 1: so much wasted effort.. the answer is indeed -X hardcopy, but the the code refuse to writes to both stdout and /dev/stdout, and if you tell it to write to the filename - which traditionally means stdout, it will write to ./-, and if no file is given it default to the filename ""hardcopy.n"" -
Why? I have no idea, but regardless, use tmpfile() to get a output file for -X hardcopy:
[code]
don't know why CoPilot added the -h argument, but the documentation over at https://www.gnu.org/software/screen/manual/screen.html says
‘-h num’
Set the history scrollback buffer to be num lines high. Equivalent to the defscrollback command (see Copy)."
U139,74091857,https://stackoverflow.com/questions/74091857,John,2022-10-17,"Title: IntelliJ/PhpStorm - How to use IDE scripting engine as a GitHub Copilot completion capture/fix?
Question: I've been trying to find any type of documentation or examples on how to use the ""IDE scripting engine"" (or other quick methods of enhancing PhpStorm/IntelliJ IDEs) and found literally nothing that works.
I'm hoping for a bit of a guideline, maybe a snippet that leads in the right direction.
What I want to do:
When pressing Ctrl + Tab (shortcut for GitHub Copilot completion) I want my custom-script to wait for the completion to be inserted into the IDE code.
I want to immediately remove the code again and display it as a completion suggestion (should be quick).
Now I want to press a shortcut to accept the completion word by word until finished.
The possibly biggest problem of Copilot with countless of bug/feedback/feature reports since 2021 is that it inputs tons of code when people just want a tiny part. Like half a line. So users of it are forced to accept 12 lines of bad code, remove all the bad parts.
The reason probably is their marketing, they take those 12 lines (11 of them garbage) as efficiency improvement (12 lines of code accepted). So they don't fix it.
I want to fix it using the above method, the easiest approach would be the most welcome one.
Here is the only available data on the IDE Scripting console:
https://www.jetbrains.com/help/idea/ide-scripting-console.html
However, none of the examples even worked and there are barely any.
Here are the linked examples:
https://gist.github.com/gregsh/b7ef2e4ebbc4c4c11ee9#file-samples-groovy
Nothing of that worked either, various errors usually already in the first ""imports"" and no examples in ""javascript""
Comment on question: I'd recommend you raise this issue at intellij-support.jetbrains.com/hc/en-us/community/topics/… to discuss it with the IDEA team directly.
Answer 1: Here is the finished code, I switched to Kotlin and from the dysfunctional scripting console to ""LivePlugin"".
https://github.com/cmp-nct/Stewardess
Stewardess takes over the completions through a new shortcut and plays them in word by word.
Also shows the Copilot internal status as temporary hint notification when it changes."
U140,74110399,https://stackoverflow.com/questions/74110399,Taliesin,2022-10-18,"Title: VSCode not showing code suggestions for discord.py
Question: I am looking to program a bot for Discord with Python using VS Code and have this snippet of code:
[code]
""message"" shows up as type: Any (and so does discord.Message) and offers no code suggestions despite everything having been imported seemingly okay - for instance if I write ""discord."" in a new line, I get suggestions for modules contained within. Any help would be greatly appreciated. Apologies for a noob question
Comment on question: Please edit the question to limit it to a specific problem with enough detail to identify an adequate answer.
Answer 1: Could you post a snippet or example of what you want VSCode to do? I'm guessing from what you wrote that you are talking about an extension like GitHub CoPilot. If i'm correct in my assumption, try checking to make sure that your extensions on VSCode are all installed properly and working. To get to your extensions in VSCode, you can use Ctrl+Shift+X on Windows, or Cmd+Shift+X on Mac
Comment on answer 1: Sam, you are absolutely fantastic, that extension is precisely the functionality I was looking for! I'm new to Python and how it handles variables and their types, so I assumed that there is something obvious that I'm missing. But yes, GitHub Copilot seems to be exactly what I was hoping for, thank you so, so much! I'm guessing that same functionality isn't offered by, say, Pylance?
Comment on answer 1: Im happy to hear that worked for you! I am not sure however, if the same functionality is offered by Pylance or not"
U141,74198524,https://stackoverflow.com/questions/74198524,user12461763,2022-10-25,"Title: Can GitHub Copilot draw diagrams?
Question: Have used GitHub Copilot for several months, and it is great for coding and other. Just wonder, can GitHub Copilot draw diagrams? like Sequence Diagram, Design Pattern or Strategy Diagram?
Answer 1: Depending on how the diagram is created, you may want to try Mermaid where the user writes code and then renders it as a diagram, in theory, Copilot should be able to give suggestions for the code.
Answer 2: Unfortunately, I tried using GitHub Copilot with PlantUML and it doesn't seem to render good results.
Answer 3: Well, I think that's rather ChatGPT territory. I've used ChatGPT-4 to create various mermaid diagram types. It cannot show them to you so far, but I like creating specifications in markdown format and write them with IntelliJ with the mermaid plugin installed, which can show these nicely. If you publish those markdown files on Github, that'll also show many mermaid diagram types.
Since Github Copilot is kind of ChatGPT's little brother you might have some success if you write a text that contains information about the diagram you want to draw, say that you want e.g. a sequence diagram of that and insert
[code]
and get Copilot to complete that. I just tried and it generated an actual diagram, though it didn't make much sense in my case. I guess that depends on your text.
I had ChatGPT-4 create some svg of dialog wireframes, for instance in here. That worked very nicely, though sometimes a little buggy. If you try something like that with Copilot, you get something but that doesn't really work. I guess you have to wait for half a year or a year for something like that. :-)"
U142,74213723,https://stackoverflow.com/questions/74213723,Paul,2022-10-26,"Title: Is there a way to extend the functionality of the Github Copilot plugin for vs code?
Question: I want to develop a vs-code plugin that extends the functionality of GitHub CoPilot. I want to listen to code completions and reward the user with points based on the length and content of the completions made with CoPilot. Is it possible to write a plugin that builds upon the original plugin, or do I have to use the OpenAI API to recreate the functionality of the plugin to add my Gamification elements?
Thanks a lot in advance for any kind of help.
Comment on question: ""add my Gamification elements"" - oof. MS did this once, achievements like ""copy paste your code 5 times"" or ""use this shortcut key 30 times"" or ""have 4000 lines of code in one file"". It did not necessarily lead to better code, quite the contrary.
Answer 1: You will likely have to use OpenAI Codex API
Comment on answer 1: Thank you for your answer. Why do you think that?
Comment on answer 1: The answer below explains it best, the API is not open for development
Answer 2: It will be possible only if GitHub Copilot also exposes an API to other extensions. And, since GitHub Copilot is not an open source extension, you won't be able to look its source to find out.
In this case, I suggest you to ask them, opening an issue on their support channel.
If no API is exposed, you won't be able to develop your extension, unfortunately.
Hope this helps"
U143,74326142,https://stackoverflow.com/questions/74326142,mortenma71,2022-11-05,"Title: GitHub Coptilot does not work in vscode when editing Python
Question: I can run python scripts (.py) inside vs code, and CoPilot works fine with Powershell scripts (.ps1), however, I'm not getting any Github Copilot suggestions. The Copilot icon shows and the plugin appear to be activated.
GitHub Copilot: v1.58.7236
VsCode
Version: 1.73.0 (user setup)
Commit: 8fa188b2b301d36553cbc9ce1b0a146ccb93351f
Date: 2022-11-01T15:34:06.111Z
Electron: 19.0.17
Chromium: 102.0.5005.167
Node.js: 16.14.2
V8: 10.2.154.15-electron.0
OS: Windows_NT x64 10.0.19045
Sandboxed: No
Any ideas?
[image]
Video of running Github Copilot for js (working) and trying to run Github Copilot for python: https://vimeo.com/769046582/09e2756f17
Answer 1: Are you able to hover your mouse over the comment and get suggestions? Also, try restarting and making sure you have the latest version
Answer 2: Not sure if upgrading vscode or if I simply didn't do it right before.
However, it appears that Github Copilot is now (always was?) triggered by the tab or space key.
Version: 1.73.1 (user setup)
Commit: 6261075646f055b99068d3688932416f2346dd3b
Date: 2022-11-09T04:27:29.066Z
Electron: 19.0.17
Chromium: 102.0.5005.167
Node.js: 16.14.2
V8: 10.2.154.15-electron.0
OS: Windows_NT x64 10.0.19045
Sandboxed: No"
U144,74329830,https://stackoverflow.com/questions/74329830,Kirk Ouimet,2022-11-05,"Title: Deduping 28 Million Strings Using JavaScript
Question: I have a JSON file with 28 million strings, the size is roughly 15 GB. Some of the strings are duplicates, so I need to create a new JSON file with just the unique ones. I'm guessing 240 million of them are unique, but I need to find out the exact number. The strings are all less than 100 characters. Here is an example of the data:
[code]
My first approach was to create a JavaScript object and set all of the keys of the object to the strings. Then I would check the length of the keys and that would be my unique count. Unfortunately, I ran into a limit and JavaScript objects can only have ~8M keys.
My next approach was to create a new array in JavaScript and then iterate through my strings and then use the .indexOf method to see if I already added the string to my array. Unfortunately, this is way too slow.
Can anyone think of a way I can do this in JavaScript? I am also OK switching to a different language if this is not the right tool for the job.
Comment on question: Does this file contain nested values? Could you include a small example of how it's structured?
Comment on question: The biggest problem is that JSON isn't the right tool for the job. You might want to consider storing the data in a different way.
Comment on question: @KonradLinkowski updated my question with the example data
Comment on question: I would just ignore first and last line and use uniq in bash stackoverflow.com/questions/23740545/…, although sort will be slow
Comment on question: I highly doubt sort will work on this.
Comment on question: I would suggest to partition the data into smaller chunks (e.g. by bucketing based on the string or an hash of it, basically mod the hash by 25 or even more partitions), store them on disk (either in a single file each or multiple files) and then deduplicate the smaller chunks individually.
Comment on question: You can also go line by line and store unique ones to a new file and then check if the next one is already in the file
Comment on question: I'm questioning why you would want to dedupe 250 million strings with an expected 240 million strings being unique. That's like.. 4% - still an interesting problem to solve though.
Comment on question: Looks like someone made a BigMap class. Maybe that will work. It looks like it creates another Map once the key limit is reached. Also checks all the maps before inserting a new value. gist.github.com/josephrocca/44e4c0b63828cfc6d6155097b2efc113
Comment on question: @sissonb Ahh.. it's great to see throw new Error(""haven't implemented this yet""); in a code that is +2 years old.
Comment on question: Do you have a system that can hold this amount of data in memory or double the data if we are conservative? Is this primarily coding constrained, e.g. the size of primitive maps. Or is this actually resource constrained because you want an algorithm that can also handle 2.5 billion strings or 25 billion, ... or only have a system with 10GB of RAM currently!?
Comment on question: @marco-a I don't think those methods are getting implemented. But it has the methods needed to solve this problem.
Comment on question: If you can import this into a rdbms, most have direct support for json and could run a count(distinct) on a rowset.
Comment on question: Does it have to be JS? I'd recommend using jq, a simple jq 'unique' input.json should do the job. Assuming the data does not fit into your RAM, use a RDBMS, which are tailored to automatically use appropriate on-disk algorithms if the data is too large for in-memory processing.
Comment on question: If you really want to use JavaScript, the right approach would be to construct a Set from the input
Comment on question: Title and initial description says ""28 million"" strings, but then you say you expect that to have about ""240 million"" uniques. Did you mean ""28 billion"" for the input size?
Comment on question: sort | uniq in a shell script absolutely positively works on this dataset. And it would have worked on a computer with 1 megabyte of RAM. (And lots of disk space). See Volume 3 of Donald Knuth's ""The Art of Computer Programming."" The output, of course, won't be clean JSON.
Answer 1: Computers are insane. I was inspired by the comments to shard out the keys to many objects so I would not hit the 8M key limit in JavaScript. I then used GitHub Copilot to write this code in about 30 seconds, just using comments and having Copilot write the rest:
[code]
Here you can see the output and speed:
https://www.youtube.com/watch?v=RurzxMjbazg
I am running it on an M1 MacBook Pro and just amazed at the speed. The fan did not even turn on.
Comment on answer 1: Your video shows an array length of 28335100 which is 28 million, not even close to 250 million?
Comment on answer 1: I thought that node will run out of memory, but I guess you have a lot of ram
Comment on answer 1: @marco-a that was against a partial dataset, running it against the full dataset now and it is taking much longer LOL
Comment on answer 1: You might want to look at SparkSQL if you're going to split your dataset into multiple files anyway. Javascript is not commonly used for such problems
Comment on answer 1: keyArrayLength, really? Seems like Copilot is not appropriate when it takes you longer to verify the solution it generated than to write the code yourself.
Answer 2: I don't have a ready-to-use solution, but I can drop here a bunch of advice that could drive you to an efficient solution:
If you are using NodeJS, consider writing a C++ addon. Indeed, with C++ you can write low-level code that, according to your capacity, could lead to faster and more efficient software. Writing C++ code will allow you to use the correct data structure for this task, manage memory efficiently and overcome many of the NodeJS limitations
Work with file units. I think that the file system is the key to your problem. In other words, you can apply an on-disk sorting to your file (e.g. the Linux sort command), then you can split your 15GB file into, let's say, 200MB chunks. You can now load each chunk with NodeJS and remove duplicates, paying attention that the last row of the nth file can find a duplicate in the (n+1)-th file.
(bonus) Exploit all the threads. Even if this alone won't solve the memory problems, when combined with the multi-chunks solution it will lead to faster code
Answer 3: Others have handled the ""javascript isn't really the best thing for this"" aspect, but I'll try to answer the question directly, without opinion about context:
Have you tried constructing a Set from the array? It's likely this will take a Good Long While, but I doubt there's any JS solution that won't take a Good Long While.
Comment on answer 3: Set will throw the same exception as Object ""Uncaught RangeError: Set maximum size exceeded"". Just checked.
Comment on answer 3: Thanks for looking, it was worth a shot
Answer 4: You can do this with a custom hash function and a custom hash map. Basically to get around memory size limits in the runtime, you're gonna want to limit the hash map size, let's say to 64KB. That means your hash needs to be 16-bit. So:
Create a string -> 16 bit integer hash function
Create an array of string arrays with 2^16 entries
For each string in the input:
3.1 Compute the hash, this becomes your array index
3.2 Lookup in your array at the computed index
3.3 If it's empty, simply add the string
3.4 If it's not empty, compare the string to all others in that bucket (normal linear search) and only add it if not present
You may need to adjust the hash table size until you find the performance sweet spot. 64KB lead to roughly 500 strings in each bucket which is a lot of collisions, but still orders of magnitude faster than doing 28 million comparisons on every string.
Answer 5: Since you said, you've loaded your data and created an Array. You could try this approach.
You can play with the TOTAL_CHUNK variable to check if it provides some help.
N.B. I've never worked with such huge amount of JSON data.
[code]
Answer 6: I would suggest importing into DB, MongoDB or PostgreSQL will do just fine.
But if you really need js solution, here is an implementation of ShardSet(), storing strings into configurable buckets (256 as default).
Tested on 5M strings with 250MB data.json, it took ~15s with deno, and ~86s with sort | uniq.
[code]
Checkout this repo to see if it suits your need: deno-demo-large-json
Note: The string hash method taken from v8 is quite good. Random dataset hashed into buckets evenly.
Comment on answer 6: can you describe what exactly mean with a specific function, class or hash method taken from v8?; I have found some resources but did not get anything related that points to it.
Comment on answer 6: 262.ecma-international.org/6.0/#sec-uint8array
Comment on answer 6: @user11717481 shardSet.hash(string) returns int number, which is the hash code of input string. The hash algorithm was taken from v8.
Comment on answer 6: @user11717481 But why shardSet.hash(buff) instead of shardSet.hash(string)? Because calculating hash code with u8Arr[i] was way faster than str.charCodeAt(i)."
U145,74373928,https://stackoverflow.com/questions/74373928,art vanderlay,2022-11-09,"Title: grpc nodejs where to put retrypolicy
Question: referencing https://github.com/grpc/proposal/blob/master/A6-client-retries.md
it is not clear where the retry policy is actually placed or referenced, is it part of
[code]
A supplemental question once retry is setup, regarding the call.on('xxxxxx', where in the API docs are the options listed? Using vscode I don't get any lint suggestions, but copilot gave me these, is there a more comprehensive list?
[code]
Answer 1: First, the retry functionality is currently not supported in the Node gRPC library (but it is in development).
Second, once the retry functionality is supported, it can be configured in the service config, as specified in the Integration with Service Config section of the proposal you linked. The service config can be provided to the client automatically by the service owner through the name resolution mechanism, or it can be provided when constructing a Client or Channel object by setting the grpc.service_config channel argument with a value that is a string containing a JSON-encoded service config.
Third, the call objects returned when calling methods are Node stream objects with additional events for metadata and status. Depending on how the method is defined in the .proto file, the call can be a Readable stream, a Writable stream, both, or neither, and it will emit the corresponding methods. The cancelled event is only emitted by server call objects, which do not emit the metadata or status events.
Comment on answer 1: nodejs.org/api/stream.html is the hidden gold. Thanks for the pointer on the spec, I was reading it as Status: Implemented meaning the spec was live already.
Comment on answer 1: Look at the line after that in the spec: ""Implemented in: Java, .NET, Go except hedging, and C-Core except hedging"". It is live, just not completely, and not everywhere."
U146,74396836,https://stackoverflow.com/questions/74396836,c.leblanc,2022-11-11,"Title: Code completion similar to IntelliJ for Python
Question: I recently started working with Java and I really like to auto-correction / completion features in IntelliJ.
Does something similar exist and is as powerful for Python?
Comment on question: You can try to install Python plugin from JetBrains marketplace into IntelliJ IDEA. (jetbrains.com/help/idea/managing-plugins.html)
Comment on question: Would it make any difference (about my request) to PyCharm?
Comment on question: This is better suited for Software Recommendations.
Answer 1: I presume you are using JetBrains' IDE, so you could try out their PyCharm for Python. It's from the same company so I presume that PyCharm's autocomplete features are on par with that of IntelliJ.
As I never used IntelliJ, the recommendations below are based on the autocomplete features of PyCharm.
I was using Tabnine on Visual Studio Code and it does support many IDEs. However, I stopped using it now since it is using too many resources on my laptop and I feel that auto complete is kind of distracting (but that is just my opinion). You could also try GitHub's Copilot, my friend uses it but for reasons mentioned earlier, I didn't try it. These two however, may not be the autocompletes you are looking for as they can basically write your code for you.
Comment on answer 1: It's actually more than code auto-complete: it is underlining in red any mistake that would make the code not compile in real time, suggest package import lines directly when using methods that require it, it greys methods and variables name when they are not used anywhere else in the code, it recognize full section of the code that could be simplified and you can make the transformation in one click, etc ... with all that I almost don't need any debugging ! (also there is a single shortcut that restructure all the typo of the code in a nice way, with standart indendations, spaces, etc..)
Comment on answer 1: Sorry for being unclear, PyCharm does have code autocorrection as well but the other two (tabnine and copilot) does not. In that case, I would suggest using PyCharm
Comment on answer 1: Trying PyCharm right now, just starting but so far it seems to do what I'm looking for."
U147,74425998,https://stackoverflow.com/questions/74425998,Foobar,2022-11-14,"Title: How to drop row in pandas if column1 = certain value and column 2 = NaN?
Question: I'm trying to do the following: ""# drop all rows where tag == train_loop and start is NaN"".
Here's my current attempt (thanks Copilot):
[code]
It works well, but I'm wondering if there is a less verbose way.
Answer 1: using apply is a really bad way to do this actually, since it loops over every row, calling the function you defined in python. Instead, use vectorized functions which you can call on the entire dataframe, which call optimized/vectorized versions written in C under the hood.
[code]
If your data is large (>~100k rows), then even faster would be to use pandas query methods, where you can write both conditions in one:
[code]
This makes use of the fact that NaNs never equal anything, including themselves, so we can use simple logical operators to find NaNS (.isnull() isn't available in the compiled query mini-language). For the query method to be faster, you need to have numexpr installed, which will compile your queries on the fly before they're called on the data.
See the docs on enhancing performance for more info and examples.
Comment on answer 1: Do you know why pandas uses ~ and & instead of and and not, is it to support operator overloading?
Comment on answer 1: ~ and & are bitwise operators which act on all elements of an array element-wise. and and not are logical operators which act on single boolean values. you should do True and True, False or True; but you should do ~[True, True, False] --> [False, False, True] and [True, True] & [False, True] --> [False, True]. (these examples work with pandas/numpy arrays, not actual python lists). These operators are overloaded from actual bitwise ops, e.g. ~1100011 --> 0011100
Comment on answer 1: this is a super important distinction in numpy/pandas - see this: stackoverflow.com/questions/21415661/…
Comment on answer 1: Thanks! Now, let's say I wanted to check if df[""start""] was true? How might I go about doing that?
Answer 2: You can do
[code]
Comment on answer 2: Small question for clarity/learning: This answer is interesting because the two conditions are encapsulated by one bracket pair, where the usual multi-condition syntax seems to be ((condition 1) & (condition 2)). The code works as intended, but are both variants possible under normal select conditions, or is this only on account of the tilde negation?
Comment on answer 2: @PeptideWitch that is due to we use . chain with all conditions , which dose not require Parentheses for each condition.
Comment on answer 2: both are the same - there are no parens needed around df[""tag""].eq(""train_loop"") because it's a single chained method call, so there's no ambiguity about precedence. you'd want parentheses around (A == B) & (C == D) to clarify that you mean to use the bitwise operator on the results of the equality operations, rather than meaning, e.g. A == (B & C) == D. The bitwise operator & has higher precedence than == in python, so this isn't actually just good style - it's required to indicate the former. Try 1 == 1 & 2 == 2 (evaluates False) to see what I mean"
U148,74511049,https://stackoverflow.com/questions/74511049,Ramazan,2022-11-20,"Title: Github Copilot Auto complete Quotes and Brackets
Question: i have an issue with github copilot's auto complete.
When coding C in vscode, the auto complete suggest me some code but without closing brackets and quotes. how to fix it?
Here is an example of code (just an example, don't care what is it :)), you can see that the suggestion doesn't have the closing quote and bracket.
[image]
I tried to change auto complete settings but nothing changed."
U149,74648097,https://stackoverflow.com/questions/74648097,user20660199,2022-12-01,"Title: Could not load file or asssembly 'Microsoft.identity.client'
Question: I want to install Github Copilot extension in Visual studio 2022. when i install it, i close all vs 2022 as instructed then i am supposed to receive a message saying that it was done.
However i keep getting an error from VSIX Installer saying:
Could not load file or asssembly 'Microsoft.identity.client, version=4.30.0.0,culture=neutral,PublickeyToken=0a613f4dd989eBae' or one of its dependencies. the located assembly's manifest definition does not match the asssembly reference.(Exception from HRESULT: 0x801311040).
I get the same message when i try to update any extensions i have in visual studio 2022
PS: I already installed Copilot in VsCode and it working perfectly.
Thank you!
Comment on question: I can install this extension in visual studio without any error. What's the version of your visual studio 2022? Maybe you can try to repair visual studio in visual studio installer and try again.
Comment on question: From where can I check the version of vs 2022?
Comment on question: It did not work, I still get the same message.
Comment on question: You can check the version of vs2022 from Help > About Microsoft Visual Studio in visual studio or check it in visual studio installer.
Answer 1: Try logging in from a clean state:
Close Visual Studio 2022.
Delete C:\Users\AppData\Local\github-copilot\hosts.json
Log out of GitHub in the web browser.
Open Visual Studio.
Answer 2: It FINALLY worked. The error happened because I didn't have app installer and Microsoft store so I had to reset my windows 10 then the problem was solved.
Comment on answer 2: Hi, glad to know you've found the solution to resolve this issue! You can click '✔' to accept your answer. See can I answer my own question., Just a reminder :) It will also help others to solve the similar issue.
Comment on answer 2: I'm having the same issue but I can't just go reset everything. Can you elaborate a bit more on what was missing / had to be reset? I have app installer and Microsoft store.
Comment on answer 2: Well appart from resetting Windows 10, my visual studio app also needed an updated. That's it. I hope it is helpful."
U150,74652182,https://stackoverflow.com/questions/74652182,Mel,2022-12-02,"Title: What is the role of the Promise in the Prisma update and delete mutation?
Question: I am trying to figure out how to make a react app using prisma, where my schema has a relationship between two models. I have Issues and Issue Groups. Issues belong to Issue Groups.
The schema models are:
[code]
I made an issueGroup.resolver.ts as follows:
[code]
I made an issueGroup.service.ts as follows:
[code]
The issueGroup.model.ts has:
[code]
The update mutation in the issueGroup resolver is throwing an error on the basis that type issue is missing in the import for issueGroup (it's in the issueGroup model to hold the array of issues that belong to an issue group).
Both the update and delete mutations give an error that says:
issueGroup is not assignable to type import (then lists the address of
the file with the model).IssueGroup.
I tried changing the issue field in the issueGroup.model.ts to:
[code]
But that doesn't make the error go away. The exact language of the error message for the update resolver mutation in vsCode is:
Property 'issues' is missing in type
'import(""/.../node_modules/.prisma/client/index"").IssueGroup' but
required in type
'import(""/.../src/modules/issueGroup/issueGroup.model"").IssueGroup'.ts(2741)
issueGroup.model.ts(15, 3): 'issues' is declared here.
The error message for the delete mutation is:
[{ ""resource"": ""/.../src/modules/issueGroup/issueGroup.resolver.ts"",
""owner"": ""typescript"", ""code"": ""2322"", ""severity"": 8, ""message"":
""Type 'import(""/.../node_modules/.prisma/client/index"").IssueGroup'
is not assignable to type
'import(""/.../src/modules/issueGroup/issueGroup.model"").IssueGroup'."",
""source"": ""ts"", ""startLineNumber"": 59, ""startColumn"": 9,
""endLineNumber"": 59, ""endColumn"": 59 }]
How can I update the issueGroup to either add or remove an issue from the issueGroup object or if I delete the issueGroup, to also delete the Issue?
STRANGE INSIGHT
The VS code error messages go away if I delete the sections of the update and delete mutations that say:
[code]
This component of the mutation was recommended by github copilot. No explanation as to why. How can I find out what it means and does?
Comment on question: The Promise in the Prisma update and delete mutation serves as a placeholder for the asynchronous operation of updating or deleting an issue group in the database. This allows the resolver to return a resolved value when the update or delete operation has completed, ensuring that the correct data is returned to the client.
Comment on question: so should I put it back and tolerate the error in VS code? Or is there a different way to express this component of the code block?"
U151,74700585,https://stackoverflow.com/questions/74700585,LP_Cong,2022-12-06,"Title: In the extension development of Visual Studio, is there an API similar to the effect of the Decoration API in the extension of VSCode?
Question: I am developing a code completion extension. I have achieved the effect in the figure below in both VSCode and Jetbrains IDE, that is, the completion content is displayed in gray text behind the code. In VSCode, I can achieve it through the Decoration API. In Jetbrains, I can achieve it by rendering a piece of text behind the cursor through EditorCustomElementRenderer. I like this completion method very much. The well-known completion tool Copilot also uses this mode. I have checked a lot of documents, but I still can't find how to implement it in Visual Studio. I want to see how to implement this in Visual Studio, many thanks!
VSCode JetBrains
I researched related documents and tools and found that in VS2019, similar effects cannot be achieved. But Copilot achieves something similar in VS2022. Wondering which API he used? It would be even better if there is such an API in VS2019.
If there is really no related API, I would like to know if there is an API that can render a piece of text near the cursor, which can be in the form of tooltips or something else, similar to the following effect.
tootips
What I hope is that I can control through code when to display this prompt near the cursor.
To summarize my problem is as follows
1. In VS2019, is there an API for rendering a piece of text behind the cursor, similar to Decortaion API in VSCode
2. If not in VS2019, is there any in VS2022?
3. If not, is there a similar API that can display a piece of text behind the cursor? Which can be in the form of tooltips or something else.
Comment on question: IntelliCode also has something likes this: learn.microsoft.com/en-us/visualstudio/intellicode/…
Comment on question: Duplicate: stackoverflow.com/q/72537148/3740047"
U152,74751935,https://stackoverflow.com/questions/74751935,Hlintony H,2022-12-10,"Title: ‘GitHub Copilot’ in vscode encountered an error
Question: The error message in the output TAB is as follows：
[code]
This doesn't seem to affect my copilot use, but I still want to cancel the error message.
enter image description here
Hope somebody could tell me the solution.
Answer 1: Please try signing out, copilot will prompt you to sign back in. Also, Have you updated to the latest release?
Comment on answer 1: I logged out of Copilot as you said and logged back as prompted, but still got the same error, plus I did update Copilot to the latest version(v1.63.7601)
Comment on answer 1: Please visit this doc to troubleshoot your issue: docs.github.com/en/copilot/troubleshooting-github-copilot/…"
U153,74772185,https://stackoverflow.com/questions/74772185,Danylo Liakhovetskyi,2022-12-12,"Title: How to create an EMR cluster and submit a spark-submit step using Dagster?
Question: I want to create a Dagster app that creates an EMR cluster and adds a spark-submit step, but due to a lack of documentation or examples I can't figure out how to do that (copilot also struggles with it :-)).
The idea is to create a scheduler with Dagster that creates an EMR cluster and runs scala-spark app as one of its steps.
Here's the code I have (it's not working correctly, but you may get a sense about what I was trying to do):
[code]
How can I do it?
Answer 1: You had most of your components correctly setup. You were only missing EMR job flow settings which sets the application you want to use(on EMR), core/task node setup and so on..
More details here:
https://docs.aws.amazon.com/emr/latest/APIReference/API_RunJobFlow.html
Dagster api has a function run_job_flow which takes this input and creates a cluster.
Sharing a sample code snippet
[code]
You can also look at the test cases on dagster repo, it does provide a very good examples for the same."
U154,74777697,https://stackoverflow.com/questions/74777697,hedgedandlevered,2022-12-12,"Title: Connecting to websocket with async inside async function
Question: I'm connecting to a websocket in an async function, to update a local mysql db
[edit: although only the coinbase websocket is shown here, it was later identified to be the gemini websocket that had the issue, by hitting the v1 instead of v2 websocket]
[code]
I'm looking for an explanation as to why the async with websockets.connect(url) as ws: line needs async. await ws.send is going to wait for the response either way
copilot originally added it in, and indeed, when I remove it I get the error
[code]
no idea why its trying to use a function that doesn't exist?
After changing it back to async, I've started to get this error after a lot of successful pulls... but always within 5 seconds of starting the script.
[code]
so my questions are:
How does the logic differ and what is happening when using async inside async?
Do I need to just lengthen the timeout somehow or does this smell like a different problem?
Answer 1: It's not about extra async, it's about protocol that implements context managers in python.
In case of with keyword python calls __enter__ method when entering and __exit__.
[code]
int nor websockets.connect(url) class has implemented __enter__, so you get such error.
async_with assumes __aenter__ and __aexit__ are implemented, which is the case here.
The error says that connections mean TCP connection was lost. There can be many reason, like problem with internet connection or problem with proxy that doesn't allow for long time connection, but it's rarely caused of too small timeout. You can enable debugging to get more insight to the problem.
Comment on answer 1: thanks! I still am wondering about the extra async but I'll try this and update the question with what I find
Comment on answer 1: The case is with async you have just two different pieces of code that you can run. But it doesn't force implementation of __enter__/__aenter__ at all, would it really be async depends on what's inside.
Comment on answer 1: You were correct, it looks like its sending a close for some reason. But its happening on my side. Not sure if it can be from some remote command that this is happening? I see this after a lot of successful updates over about 1-2 seconds: [code]
Answer 2: The websocket is closing the connection remotely. The error was occurring from using the Gemini websocket v1 instead of v2 for market data."
U155,74792689,https://stackoverflow.com/questions/74792689,Nahuel,2022-12-14,"Title: Kotlin JetPack Compose, changing color of dynamic composed buttons
Question: So I have this code:
[code]
Initially, all colors should be red, and every time a button is clicked, it should change its color, while the other buttons should remain the same. I don't necesarely need to use a mutable map, what I want is, for every string, make a red button, that when clicked, changes it color depending on which color it had before.
Problem is I can't get it to work because apparently it doesn't recompose. I tried using remember, but it doesn't detect when a value of a mutable map changes, and I sincerely don't know how to get it to work. Help would be much appreciated, I've been googlin' for a while with 0 results, and not even chatGPT was able to get it to work correctly.
EDIT: So magically Copilot suggested this, and it works, but I would very much appreciate if someone could explain why:
[code]
interactionSource and indication makes it work? but why
Comment on question: It's the color that is remembered made it work because it will keep its value on every recomposition
Answer 1: You can use remember in forEach block
[code]
Answer 2: It looks like CoPilot or chatGPT need some time to take our jobs 😁
Code suggested by CoPilot actually doesn't work, when you scroll up or down it resets back to Red because of how LazyList works.
When you scroll an item out of Viewport it exits composition, when that item is visible again it enters composition with block inside remember is calculated with default value.
I made a small cosmetic change to display why that code doesn't work also it contains redundant code either.
[image]
[code]
This can be achieved in various ways, i will post only 2.
Using rememberSaveable
[code]
Using a model and ViewModel/Presenter
You can create a model that contains color or select id for selection status such as 0 for not selected, 1 for red and so on or enum. Then inside a ViewModel, presenter or any class that your choosing should handle color changes while keeping models updated with latest color.
Result
[image]
In this answer i change selected status but it can easily be applied. I used int to keep Compose class Color out of ViewModel
[code]
ViewModel implementation
[code]
Usage
[code]
Using SnapshotStateMap
Other alternative is using SnapshotStateMap which contains indices and color as Int or as compose Color and update index with next color
[code]"
U156,74792936,https://stackoverflow.com/questions/74792936,Rajesh Kanna,2022-12-14,"Title: What does the workplace trust checkbox do in Github Copilot Extension for VS Code?
Question: So I rightclicked on my github copilot on bottom right of my VS code IDE, and saw the Workspace Trust unchecked.
[image]
What does this do if checked? And is there any performance improvement expected if checked?
Answer 1: This confused me as well, but it's not a feature of Copilot. You get this menu from clicking on the status bar, and as you see, the GitHub Copilot (Extension) is just one of many items you can add to the status bar.
Activating it will show a lock symbol on the left of the status bar."
U157,74793102,https://stackoverflow.com/questions/74793102,Alex Mortez,2022-12-14,"Title: VSCode extension development unable to use provideInlineCompletionItems
Question: I've tried so many variations of this from code I found on github using the provideInlineCompletionItems function but cannot seem to get it to work. Is there something I am doing wrong?
[code]
Even with https://github.com/microsoft/vscode/issues/125663 and ""editor.inlineSuggest.enabled"": true, set to true it doesn't work. I know inline suggestions works since I have github copilot, I just can't seem to get it to work. Copilot is also disabled so they don't interfere
Comment on question: first get the completion example working
Comment on question: @rioV8 yeah I tried, it doesn't work. this is not much more I can think of to do, it should be a simple process
Answer 1: I rollbacked a version of VSCode and it works now. this is the debug code I used.
[code]"
U158,74831414,https://stackoverflow.com/questions/74831414,RubenNeves,2022-12-17,"Title: Copilot stopped working on vscode after trying multiple fixes
Question: Randomly my copilot has stopped working (I still have time left on my free trial). The problem seems to be that no matter what I do I cannot get the pop up to authorise copilot to appear when installing the extension again. Does anyone have any idea why?
I've tried everything from:
Signing out of Github on vscode and signing back in.
Uninstalling vscode (removing .vscode folder; deleting the code folder under AppData/Roaming; deleting vscode)
Uninstalling the extension.
Multiple restarts.
Removing all git credentials from credential manager.
I'm on Windows 11.
I was playing around with the black formatter around the time it stopped working."
U159,74831509,https://stackoverflow.com/questions/74831509,John James,2022-12-17,"Title: GitHub Copilot does not work after latest vscode update
Question: GitHub Copilot stopped working after it asked to restart vscode for the last update I installed, right now it doesn't even show the icon and there are no suggestions either, it's as if it wasn't installed.
[image]
I unistalled everything, even the vscode itself, deleting all the files and configuringicon in case there was a conflict or error, but the extension still does not work.
If anyone knows how to fix it or what is causing the error, I would be very grateful.
Comment on question: I am having this same problem, in both Copilot and Copilot Nightly. I can see that it fails to start by going to View > Output > Select Extension Host in the dropdown: [code] With a stack trace pointing to the folder containing the copilot package. Tried npm run get_token in that folder, no luck.
Comment on question: I was searching and researching, I think it is a problem of the extension because I have already seen several people commenting the same situation.
Comment on question: It's worth noting - For a single file, CoPilot still worked. When I opened a folder, I got this problem. The solution from Nolan B, fixed it for me.
Answer 1: Rolling back to the previous version (1.63.7601) fixed it for me.
Click on extensions icon on left menu bar
Search for Copilot
Click the settings cog > Install another version
Select 1.63.7601
Reload VSCode
Edit 4/10/2023: The specific version listed above was the most recent working version at time of posting. Rolling back to any recent version should fix this issue if a new version of Copilot breaks again.
Comment on answer 1: Going to an old version worked for me too with the latest VSCode (1.77.1). Had to switch from GitHub Copilot v1.79.10634 back to v1.78.9758. They'll probably fix this but sharing in case someone else has issues.
Comment on answer 1: I found that it works when opening a SINGLE FILE using ""File --> Open File..."" but stops working when opening a folder. When I downgrade to an earlier version, it works for everything."
U160,74831720,https://stackoverflow.com/questions/74831720,Katelynn Crick,2022-12-17,"Title: Co-pilot suddenly missing and not working in VSCode
Question: I have been using Github Copilot successfuly in VSCode for python scripts and within jupyter notebooks for the past week until today when it stopped working. The ""activate icon"" no longer appears in the bottom right hand corner, in-line suggestions no longer appear, and when I go to Output, Github Copilot is no longer in the drop-down menu.
I have tried:
Uninstalling, restarting, and re-installing the co-pilot extension
Signing in and out of github
Completely uninstalling/deleting VSCode and reinstalling
My free-trial has not expired. My VSCode is up-to-date.
When reinstalling the Github Copilot extension, I am no longer asked to authorize the extension.
I've tried searching the internet and trying everything I can find. Please help if you can."
U161,74845965,https://stackoverflow.com/questions/74845965,Thomas David Kehoe,2022-12-19,"Title: `httpsCallable` vs. `httpsCallableFromURL` callable Firebase Functions
Question: httpsCallableFromURL is working correctly but httpsCallable is returning null. What's wrong?
The emulator logs show that the Cloud Function executes correctly from both httpsCallableFromURL and httpsCallable. My browser console logs UPPERCASE (if I enter uppercase) with httpsCallableFromURL. But with httpsCallable the browser console logs null.
It seems like null logs almost instantly but UPPERCASE takes a moment to log. My guess is that the return is executing before the function?
And another question. I found the URL in the Firebase Console in the list of Functions, for the deployed function. Is there somewhere in the emulator where I can find the URL for calling the function in the emulator? This URL was written by Github Copilot! This URL also works: http://localhost:5001/my-projectId/us-central1/upperCaseMe
index.ts
[code]
app.component.ts
[code]
I was able to make httpsCallableFromURL return null:
[code]
This never logs anything in the emulator and always logs null in the browser console. It logs null after a second or two, not ten seconds. Same results with httpsCallableFromURL and httpsCallable.
Comment on question: You should discard the final code sample entirely and remove it from the question because it will never send what you expect back to the client. The return is returning from the setTimeout lambda function, not the onCall function. The onCall function is always going to return undefined no matter how you invoke it.
Answer 1: httpsCallable uses your deployed code hosted by Cloud Functions by default. The URL is derived from the data you passed during initialization of the Firebase SDK. It does not use the emulator unless you configure the SDK to do so. I suggest reviewing the documentation on the matter.
To instrument your app to interact with the emulators, you may need to
do some additional configuration.
If your prototype and test activities involve callable backend
functions, configure interaction with the Cloud Functions for Firebase
emulator like this:
[code]
httpsCallableFromURL is for cases when you cannot use the normal way that the SDK locates the backend, for example, if you are hosting the callable function on some service that is not a normal Cloud Functions backend, or you are trying to invoke a function in a project that's not part of your app.
I would never expect Copilot to generate the correct code under any circumstance. It's better to lean on the documentation to tell you what to do.
Answer 2: I initialized Firebase incorrectly. Firebase should be initialized in app.module.ts, not in app.component.ts. Firebase should then be injected into app.component.ts. When I initialized Firebase correctly then both httpsCallable and httpsCallableFromURL returned the UPPERCASE message to the browser console.
app.module.ts
[code]
I changed the view to pass the message only via ngModel. Passing the message via callMe(messageText) was redundant.
app.component.html
[code]
I changed the component controller to inject Functions rather than initialize Firebase in the component controller:
app.component.ts
[code]
No changes to index.ts.
As for Doug Stevenson's comment that the last code block in my question made him cringe, I reread the Cloud Functions documentation Sync, async, and promises which explained that return is synchronous and promises are async. I promise never to put a return in a promise again!"
U162,74865401,https://stackoverflow.com/questions/74865401,Hao Yuan,2022-12-20,"Title: Show copilot inline suggestion together with ""regular"" auto completion list in vscode
Question: Case1: with inline no autocompletion list
Case2: with autocompletion list no lineline
As in the images, when Vscode triggers ""regular"" auto suggestion list, it disables the copilot's inline suggestion. Any way we can keep both?
Btw, Nvim has both
Comment on question: did you manage to find a solution for this? I'm facing the same issue
Comment on question: Same issue. It'd be great to have a solution."
U163,74900603,https://stackoverflow.com/questions/74900603,elksie5000,2022-12-23,"Title: How to create a function in jS using Github Copilot and running that function in VS Code (OsX)
Question: This is sort of a two-part question. I'm trying to play around with Copilot and used the beginners tutorial to reproduce the code which looks like this.
[code]
There was only one change which was that changed the source of images to a local file.
However I ran this I received an error.
[Running] node ""/Users/davidelks/Dropbox/Personal/tempCodeRunnerFile.js""
/bin/sh: node: command not found
[code]
The second question is specific to VS Code having switched to it from Sublime. I can see there are powerful tools but how would the debugger to get to the problem?
Comment on question: Did you install nodejs?
Comment on question: Why do you try to run browser-only code in nodejs?
Comment on question: Node.js wasn't installed so I'm going down the brew install x route"
U164,75037959,https://stackoverflow.com/questions/75037959,dddictionary,2023-01-07,"Title: VSCode extensions are not able to find certain file in order to run
Question: At startup, the GitHub Copilot Extension is unable to start because it can't find
[code]
When I go to check what that file contains, it doesn't actually exist!
I want to use a certain extension to change my VSCode background which relies on this file as well, but it's unable to work. GitHub Copilot also doesn't work. Clicking on activate Copilot button doesn't do anything.
What does this file contain and what do I do to fix it?
Using WSL2 Ubuntu 20.04 btw.
Comment on question: does GitHub Copilot work locally
Comment on question: magically github copilot works after spamming the activate button a few times. for the other wallpaper extension, it still throws those errors."
U165,75085854,https://stackoverflow.com/questions/75085854,kan niet anders,2023-01-11,"Title: i have this form in my wordpress plugin. and for some reason it doenst work with jQuery
Question: i have a form and i wanna use jQuery with it. but when i submit it it just doesnt use the code at all.
[code]
i used a alert to see if it works but it just does nothing.
when i submit i get to a blank page. so the e.preventDefaults also doesnt work.
i tried using copilot but it didnt do anything usefull
Answer 1: You must declare your scripts in different tags.
[code]"
U166,75114315,https://stackoverflow.com/questions/75114315,Jacob Stern,2023-01-13,"Title: How to accept only the next word in github copilot suggestion
Question: I would like to be able to accept only the next word of a github Copilot suggestion, instead of the full suggestion. Is there a way to do this?
Answer 1: This option exists in VSCode keyboard preferences, but is not enabled by default (though a default keybinding might be coming soon). To enable a shortcut to accept only the next word, in VS Code go to File -> Preferences -> KeyboardShortcuts -> type ""acceptNextWord"" -> click ""+"" -> enter your desired keyboard shortcut.
I set acceptNextWord to be alt + RightArrow to be analogous to Copilot's alt + ] and alt + [ for next suggestion and previous suggestion.
Comment on answer 1: The default keybinding has arrived, see @Amiratak88 answer.
Comment on answer 1: I wish this existed for Visual Studio too as it's a great feature.
Answer 2: The default keyboard shortcut is now ""Cmd/Ctrl + Right Arrow""."
U167,75129990,https://stackoverflow.com/questions/75129990,Helen,2023-01-16,"Title: GitHub Copilot extension on VS 2022
Question: I have installed the copilot on my VS 2022 successfully (My work laptop). I also have paid an annual fee. but when I log in and activate it (paste the code and the message 'Congratulations, you're all set! Your device is now connected.' shown on the browser ) I only can see the below message in VS, copilot output tab
'14:14:36:648 Please open https://github.com/login/device and enter the device activation code AD05-A79D that has been copied to the clipboard.'
It seems to be stopped in this step and I can't activate it! any log to check? Any advice to fix it
Note: I have installed it on the same version of VS on my personal laptop.
Note: No filter from the IT side on the GitHub connection
Thanks for your advice :)
Comment on question: the activation code should be copied to the clipboard ready to be pasted into github.com/login/device"
U168,75165147,https://stackoverflow.com/questions/75165147,giorgi,2023-01-18,"Title: Issue Signing in to use GitHub Copilot
Question: After attempting to sign into GitHub Copilot in VS Code a prompt pops up ""The extension 'GitHub Copilot' wants to sign in using GitHub"" and it gives me the option ""Allow"" or ""Cancel"".
After allowing another prompts states ""Allow an extension to open this URI?"".
After clicking ""Open"" an error message says
[code]
[image]
On occasion the actual approval page pops up and I approve permissions, then get a popup in vs studio, click open then it fails on ""Network Error""
How do I go about resolving this issue?
I tried the above. Was expecting to be signed into GitHub copilot after approval.
Answer 1: Check first if the issue persists.
There was a recent incident with Copilot
We see authentication failures for a small percentage of users.
We are investigating the root cause and will update as we learn more.
It is resolved, but you might still see some side-effect.
Comment on answer 1: Could definitely be an issue with copilot, but it appears that I am also having issues using the settings sync and just GitHub authentication in general. So not 100% sure."
U169,75183662,https://stackoverflow.com/questions/75183662,Manolo,2023-01-20,"Title: Intellij Github Copilot accept one line of several
Question: Is there a simple way, key shortcut or so, to accept part of a copilot suggestion? It would be intuitivt to have e.g. alt arrow forward to accept word by word, or alt tab for the entire line.
But I can only get it to either accept the entire multiline suggestion (tab) or nothing.
Comment on question: i am using Intellij, Copilot is useful but would be far better if I could select part of the suggestion, maybe with the arrows to select the part I want
Answer 1: The copilot team is currently exploring partial suggestions, I'd recommend that you keep an eye on the GitHub public product roadmap, our Changelog and our GitHub Blog for future updates."
U170,75207730,https://stackoverflow.com/questions/75207730,dakioso,2023-01-23,"Title: Github CoPilot problem with error statusCode=407
Question: I'm working for a company using proxy and that setting is done, to be able to use CoPilot.
Afterwards I started getting this error, CoPilot seems to work but the error keeps coming.
Anyone have the same problem? Or the solution?
[code] Tried to update the proxy and restart, have installed a extension to help to make all certificates in Keychain Access available.
Answer 1: It seems that your proxy needs autentification. Status code 407:
407 Proxy Authentication Required
Try this:
[code]
Authorization basic is base64 encoded DOMAIN\user:pass
If you dont use SSL, you have to use this option:
[code]
because you will get this error:
Request Error: unable to get local issuer certificate
Also if you store you credentials to settings.json, keep in mind to protect this file with ACL.
PowerShell script to remove the local admin group for example:
PowerShell 5.1 min version required for the code below:
[code]
Comment on answer 1: Could you please detail some context? What OS this is for, and where to try this code?
Comment on answer 1: As you can see the usage is in powershell, but same is for any other platform, you need to edit visual studio code settings.json"
U171,75213752,https://stackoverflow.com/questions/75213752,Diego,2023-01-23,"Title: Copilot VSCode extension Settings.json
Question: I use the official copilot extension for vscode
I find the advanced setting in the setting option but i don't find any documentation of all possible option that i can use in that section:
[code]
someone know where to find it?
Answer 1: Found this here github-copilot-explorer
Disclaimer: Mileage may vary, warranty ended right before I clicked the post button
[code]"
U172,75216866,https://stackoverflow.com/questions/75216866,H4B1TZ,2023-01-24,"Title: cannot install github copilot on visual studio 2022
Question: Like the title says. I cannot install github copilot on visual studio 2022 version 17.4.4 (latest)
i am on a arm64 windows 11 parallels virtual machine on a macbook pro with m1 chip
I cannot find the extension in the ""manage extensions"" window and when i try to manually install the extension from the website it just fails installing. What am i missing?
Comment on question: Pretty sure that the extension itself hasn't been ported to arm64 VS 2022. Right now the extensions is showing as only supporting VS 2022 amd64.
Comment on question: ahh that could be the issue
Comment on question: Meahwhile, and I know it's not a real solution, I'm pretty sure that the GitHub Copilot extension for Visual Studio Code arm64 is working correclty. It's really the only option that I can think of to help you out whilst you wait for the VS 2022 extension to be ported to the arm64 architecture.
Comment on question: neither does it work in visual studio 2022 community. However, it works for vs code!
Comment on question: I am also using Macbook M2 Chip still not available try using this link. marketplace.visualstudio.com/items?itemName=GitHub.copilotvs
Answer 1: I had the same problem, installation failed.
What I did was:
Signed up with a trial on Github (requires credit card)
Updated visual studio 2022 to the latest version v17.5.5
Open VS2022 and search for copilot extension called ""Github Copilot"" and install it
Start VS2022 after extension installed, and VS automatically opens a browser window to Github requesting a code. Copy the code from the VS output window to the browser window.
Github page requires you to authorize copilot access to the VS client
(optionally) Close and reopen VS2022 if you have any issues.
Below is a link to CoPilot getting started page with more information.
https://docs.github.com/en/copilot/getting-started-with-github-copilot?tool=visualstudio"
U173,75248130,https://stackoverflow.com/questions/75248130,Sanjai R,2023-01-26,"Title: I am installled auto-import ,github copilot extension,but auto import feature does not work for me
Question: [image]
It's my setting.json,auto import not working on my machine
How to implement auto import?? or how to rectify ? is there any alternative solution??"
U174,75250790,https://stackoverflow.com/questions/75250790,BrainPermafrost,2023-01-26,"Title: How to get VS Code to list methods of object when multiple extensions are competing for tab complete
Question: In VS Code, when writing the name of a method on an object, it seems to take a while for the method menu to pop up. I also am using github copilot, which is great, but it's suggestions often show first and I don't see the menu for the methods until I type some more letters.
Example, let's say I have the following line of code:
my_json = My_Class(id=5).
and I want to type the name of the method that returns some json. Gitlab copilot might suggest something like the following, where the 'get_json' portion is in grey and available for tab complete.
my_json = My_Class(id=5).get_json()
But, let's say the correct name for the method is 'get_object_json', I would have to type the following before the object method/attribute menu pops up
my_json = My_Class(id=5).get_o
Is there a way to manually open the object method/attribute menu? A keyboard shortcut? So that I can open it right after I have typed the period?
Similarly, sometimes I DO want the GitHub suggestion but, right as I hit tab, Pylance IntelliSense replaces the tab complete with the name of some variable or library, or global (i.e. some built-in exception class).
It would be great if there was a way to assign a specific key combo for tab complete of GitHub copilot. Like tab-option, or something, that will only complete the github copilot suggestion, if there is one.
Comment on question: I think it is similar to Emmet prefixes, if the prefix is recognized by Emmet you don't get other suggestions, like snippets or abc(words), when Emmet can't make sense of the text you get the other possibilities
Answer 1: It would be great if there was a way to assign a specific key combo for tab complete of GitHub copilot.
As I know of are the ""Keyboard shortcuts for GitHub Copilot"".
They do include:
Trigger inline suggestion Alt+</kbd>: editor.action.inlineSuggest.trigger
Otherwise, in your case, Esc can dismiss a GitHub Copilot suggestion, after which you can type '.' and see if the ""normal"" completion takes place."
U175,75274341,https://stackoverflow.com/questions/75274341,Syed M Abbas Haider Taqvi,2023-01-29,"Title: How to open Google Colab files in Neovim?
Question: I am looking for a way to open Google Colab files in Neovim. I am basically trying to figure out a way to connect the two platforms since I have to work on Google Colab for some CUDA related assignment stuff and I just love Neovim, By doing this, I would also be able to use Neovim cheatsheets, Github Copilot and other productivity tools.
Any advice that would get me a step closer would be highly appreciated
Comment on question: I know this isn't a full-fledged solution, but here is an interesting thread: stackoverflow.com/questions/50595831/google-colab-api If you can find a way to mount the files on your system using google drive, you could probably open them with nvim?
Comment on question: Something like jupyter-acending which allows syncing and everything for Google Colab would be highly beneficial. But yess, there are some plugins for (neo)vim to work with ipynb files, Let me know if someone has tried this plugin, vim-jukit else I'll update here once I get a chance to try that."
U176,75276040,https://stackoverflow.com/questions/75276040,owen,2023-01-29,"Title: Can I customize option key + [in Mac?
Question: I'm using copilot.
I need to use option + [, to get another suggestions from copilot.
But on my M1 PRO, if I press option + [, ' or "" comes out.
Is there any way to modify this?
In order to use other suggestions in copilot, I changed the shortcut corresponding to option + [ in vscode.
option + [ pressing, I get ' or ""..
Comment on question: Can you use Ctrl+[ ?
Comment on question: Please clarify your specific problem or provide additional details to highlight exactly what you need. As it's currently written, it's hard to tell exactly what you're asking.
Answer 1: In the CoPilot docs, see for Visual Studio Code ""Keyboard shortcuts for GitHub Copilot"". Note the command names.
To customize the key binding in VS Code, open Keyboard Shortcuts (cmd-k cmd-s) and search for editor.action.inlineSuggest.showNext, which is the command name for ""Show next inline suggestion"". Double-click to change the key binding.
Comment on answer 1: It seems OP had done this already. The problem is that he can't assign editor.action.inlineSuggest.showNext to Alt+]
Comment on answer 1: Since Apple keyboards don't have an Alt key, it would be hard to assign. But joking aside, yes I did not read the question as ""how do I override the macOS keyboard shortcuts for left double quote and left single quote?"" Apple phased out the 'alt' label on keyboards about 5 years ago. The Option key is not an Alt key with a different name. The intended use is different. VS Code shouldn't be mapping alt-] and alt-[ to opt-] and opt-[ because those option key combinations are not usable by applications. (I'll update m y answer.)
Answer 2: So option+] does not work for me, but shift+option+] does, so I have made this keybinding. To open keyboard.json, press cmd+shift+p and search for json keyboard.
[code]
So now I can type
[code]
trigger suggestion with option+\, and use shift+option+[ or shift+option+] to cycle through suggestions."
U177,75305297,https://stackoverflow.com/questions/75305297,Gary,2023-02-01,"Title: How to disable copilot popping up new tab in split
Question: I just started using copilot in vscode. I found the suggestion quite useful. However, every now and then it pop up a new tab in the split windows on my right. And started generating 10 suggestion. I found that to be quite interrupting. Is there any method to disable this one without disabling the inline suggestion?
Also would that be possible to have a hot key to toggle / trigger such behaviour?
Thanks"
U178,75348164,https://stackoverflow.com/questions/75348164,ale_lo,2023-02-04,"Title: Installing the GitHub Copilot extension for IntelliJ login failed
Question: I followed the steps to add the GitHub Copilot extension to the IntelliJ IDEA but ran into an
issue.
Error message:
[code]
The .config/github-copilot folder does not contain a hosts.json file. Adding the file did not help.
What can I try now?
Comment on question: Try to disconnect your github account, connect again. REstart IDE, than connect Copilot.
Comment on question: Looks like the same question here: github.com/community/community/discussions/42761"
U179,75377406,https://stackoverflow.com/questions/75377406,Rohring Rook,2023-02-07,"Title: How to disable GitHub Copilot in VsCode?
Question: I looked on the GitHub website and it says to click on a git icon at the buttom of screen but I don't have that. Is there any other way to disable this annoying notification:
[image]
It says:
GitHub Copilot could not connect to server. Extension activation failed: ""No access to GitHub Copilot found.""
Answer 1: To disable an extension, go to the extensions view. You can do that under the ""View"" menu at the top left, or click the icon at the left bar, or use the View: Show Extenstions command, or ctrl+shift+x (on Windows and Linux).
Here are pictures of the extension button icon that you can see in the left bar:
[image] [image]
Then scroll until you find the Github Co-pilot extension, then click the gear icon at the bottom right of the extension card. Then, in the menu that pops up, click ""Disable"" or if you only want to disable it for the current workspace, ""Disable (Workspace)"".
Here are pictures of the gear button icon that you can see at the bottom right of the extension card:
[image] [image]"
U180,75380181,https://stackoverflow.com/questions/75380181,Pamela Fox,2023-02-07,"Title: How can you get Copilot to turn on in all Dev Containers in VS Code?
Question: I would like to use the Github Copilot extension each time I develop in VS Code, even when I have opened a project in a Dev Container. Right now, I have to manually install Copilot in each project each time the Dev Container opens.
I know I could specify ""Github.copilot"" in the devcontainer.json ""extensions"" list, but these aren't my projects, so I want a solution that will turn it on for me but not impose it on others.
Answer 1: You can specify default extensions that will open in every Dev Container, regardless of the configuration. Open the VS Code Settings, search for Dev Containers, and scroll to Dev Containers: Default Extensions. Then add ""Github.copilot"" to that list.
[image]"
U181,75392395,https://stackoverflow.com/questions/75392395,Lee McAlilly,2023-02-08,"Title: Is it possible to generate a GitHub Copilot suggestion based on a natural language comment in Ruby?
Question: The only examples in the Copilot docs I see for natural language code suggestions are for javascript. Is it possible to do this type of thing with a Ruby comment?
[code]
If so, how?
Answer 1: Just what you're doing in JS and it should work. I just wrote the comment, it suggested the method name, I tabbed, it suggested the method body:
[image]"
U182,75507156,https://stackoverflow.com/questions/75507156,Coding With Toms,2023-02-20,"Title: Github Copilot in SAP Business Application Studio (BAS)
Question: has anyone tried to set up Github Copilot in BAS? I cannot find it inside of the extensions list and the Github Copilot documentation nowhere mentions BAS/ Eclipse. As far as I understand BAS is based on Eclipse Theia and it has a VSCode look and feel.
Does anyone have any idea if it is possible to run Github Copilot in BAS?
Comment on question: To my understanding, this is not a technical, but a legal issue: GitHub Copilot is provided only via the Visual Studio Code Marketplace, but not via the Open VSX Registry which is used by Eclipse Theia: ""The terms of use for the Marketplace prevent any non-Visual Studio products from accessing it."". Maybe installation work via file (Download Extension in Marketplace).
Comment on question: Have you considered to ask this question ChatGPT? ;)
Comment on question: @howlger , I just did and it gave me a pretty long answer that went smth like this: ...Github Copilot is currently only available as an extension for Visual Studio Code. ...Install the VS Code extension for BAS: BAS is built .. ...Connect BAS to Github Copilot: Open the Command Palette in BAS... Search for ""Preferences: Open User Settings"" and select it Scroll down to the ""Extensions"" section and select ""Business Application Studio"" Scroll down to the ""BAS > Advanced"" section and add the following setting: ""bas.useVsCodeExtensions"": true Save the settings file and restart BAS
Answer 1: You may use the newly released VS Code extension ""SAP Business Application Studio toolkit"" to expose SAP BAS to GitHub Copilot. Just install it in the ssh-forwarded container once you are connected to your dev space in Cloud Foundry."
U183,75512032,https://stackoverflow.com/questions/75512032,kaan_atakan,2023-02-20,"Title: How to hook up DRF ModelViewset to the app's root
Question: I have a small django app with a single ViewSet that extends DRF's ModelViewSet. I've tried attaching it to the app's root url like so
[code]
But this is causing an error:
TypeError: The actions argument must be provided when calling .as_view() on a ViewSet. For example .as_view({'get': 'list'})
The error is helpful enough to show how to map the get method and github copilot suggests:
[code]
But I'm not sure this is correct. And this doesn't appear to handle retrieve which would require a URL parameter. I am surprised I have to be so explicit. Surely there is an easier way.
Comment on question: Just remove .as_view()
Answer 1: The common way to include all the routes of a ViewSet is by using a router, for example:
[code]
Also, you can use .as_view() aswell:
[code]
Notice that we need a dedicated path for methods that requires a pk in the URL, router.register() manages it automatically."
U184,75553667,https://stackoverflow.com/questions/75553667,Diego,2023-02-24,"Title: github copilot labs error when generating test
Question: He throws me this error when, once I generate the tests with github copilot, I give him to run test, to test them, in the same copilot.
[code]
He installed chai globally, but still does not work.
Answer 1: Have you tried if the local chai installation is available in the project?
The installation manual for chai is available here.
You can check if chai is installed with those demo examples.
Comment on answer 1: A link to a solution is welcome, but please ensure your answer is useful without it: add context around the link so your fellow users will have some idea what it is and why it’s there, then quote the most relevant part of the page you're linking to in case the target page is unavailable. Answers that are little more than a link may be deleted."
U185,75554835,https://stackoverflow.com/questions/75554835,Etiennel,2023-02-24,"Title: GitHub Copilot not working on company's network
Question: I have a problem with using GitHub Copilot on the company's network. At home it works perfectly, but every time I come to the office it doesn't work. It logs me out every time when it tries to generate something. The problem persists in all IDEs.
I assume it's something related to the network, do you know how to fix this?
I log in again and it immediately logs me out when I try to write something.
Answer 1: As you stated, this seems like a networking issue.
You should contact your IT department.
In the mean time, and depending on your company's policies you could try to connect to a different network (using your data plan for instance) or via a VPN."
U186,75600002,https://stackoverflow.com/questions/75600002,William Entriken,2023-03-01,"Title: VS Code Server: how to configure extensions and settings before connecting?
Question: I am using VS Code to edit files on a remote Linux server.
When I connect, it loads VS Code Server, Node, GitHub Copilot, and god knows how many more extensions. This results in the server returning 509 responses to everybody on it, CPU usage of 33x (i.e. 3300%) and me getting a phone call from the admin.
So BEFORE I connect again I'd like to disable all extensions and have VS Code running as slim as I can get it. How can I configure these things on a per-server basis BEFORE connecting to that server?
Comment on question: Possible temporary workaround (not sure if this works for remote connections): use the --disable-extension flag format. See also the --list-extensions flag. Does this answer your question?
Comment on question: Out of curiosity, would it work for you to just do your development only your local machine and just transfer changes to the remote machine between commits via git?
Comment on question: I started that approach, but setting up mitmproxy to intercept requests for local development wasn't working. So I have to develop on the server.
Comment on question: I need to configure this on a per-host (per-workspace?) basis. Because somebody (i.e. GitHub Copilot) need to write the code in another window while I connect to that server.
Comment on question: What about my first comment?
Comment on question: Doesn't work because I need that extension open at the same time in another window to do work.
Comment on question: did you actually try it? I'm pretty sure running one window with certain extensions disabled via commandline will not affect other windows."
U187,75609269,https://stackoverflow.com/questions/75609269,iconoclast,2023-03-01,"Title: Prevent VS Code from overwriting Copilot's suggestions
Question: If I type a comment in VS Code (with the Copilot extension installed) and then press control-return (Ctrl-Enter on other platforms) Copilot correctly opens a new tab with multiple suggestions.
But if I want to keep that around and open a new set of suggestions from another comment, how do I keep from having Copilot remove its own work?
Answer 1: It turns out this has nothing to do with Copilot.
Instead it is related to the way VS Code manages tabs (by default). If the name of the tab is italicized, the tab is treated as ephemeral data, and the next thing you open will replace it. If you want to prevent Copilot from overwriting it, the most direct way to do so is to double-click on the tab, so that the text is no longer italicized. Now VS Code ""knows"" that you actually care about that text and it should not just delete it willy-nilly."
U188,75610875,https://stackoverflow.com/questions/75610875,brohjoe,2023-03-02,"Title: Can you run Tabnine and Github Copilot together?
Question: Is it possible to run Tabnine and Github Copilot together? Can one override the other? Is this even advised? If they both use greyed out code completion suggestions, how would you be able to tell which one is presenting the suggested code? I'm using Intellij.
Comment on question: yes, it´s possible. just use tabnine only for popup completions (CTRL+Space) and copilot for inline-suggestions, while you are typing. so you get the best of both worlds. after testing both for a long time, I see copilot as the clear winner here.
Comment on question: Well Copilot at least works... all tabnine shows on my status bar is a ""tabnine starter"" Icon, and a message saying ""something went wrong"" after reinstalling it several times. Copilot worked on the first try."
U189,75624961,https://stackoverflow.com/questions/75624961,Ahmad,2023-03-03,"Title: What does config inside ``super().__init__(config)`` actually do?
Question: I have the following code to create a custom model for Named-entity-recognition. Using ChatGPT and Copilot, I've commented it to understand its functionality.
However, the point with config inside super().__init__(config) is not clear for me. Which role does it play since we have already used XLMRobertaConfig at the beginning?
[code]
EDIT: I quote directly from the book I'm working on: ""config_class ensures that the standard XLMRobertaConfig settings are used when initilize a new model"". If I understand it correctly, could we change these defualt parameters by overwriting the default settings in the config?
Answer 1: In your code, config_class doesn't contain any configuration parameters. It only contains XLMRobertaConfig, which is a class(/!\ not an instance of that class)
I'm not sure how RobertaPreTrainedModel model works, but it seems that, when you initialise an instance of XLMRobertaForTokenClassification, you need to give it the actual contents of the configuration (maybe as dictionary?)
But the class attribute config_class doesn't know anything about the values set in the configuration
Edit: Taken from the code of PreTrainedModel, which RobertaPreTrainedModel inherits from:
[code]
(Taken from here)
the class_config is used as a fallback, if no valid config is given, to instantiate a config with default values
Comment on answer 1: I quote directly from the book I'm working on: ""config_class ensures that the standard XLMRobertaConfig settings are used when initilize a new model"". If I understand it correctly, could we change these defualt parameters by overwriting the default settings in the configuration?"
U190,75655376,https://stackoverflow.com/questions/75655376,RDK,2023-03-06,"Title: GitHub Copilot Doesn't Generate Code From Comments in VS Code- extension is enabled
Question: I have Github Copilot installed and enabled, but it doesn't generate any code after I type in a comment and press Enter. Just goes to next line and nothing happens. I'm on a Mac running VS Code- both up-to-date. Copilot is just installed, so it's up-to-date as well
extension is enabled
[image]
The typeahead suggestions are the only thing that works. But after I press Tab and Enter, it just goes to new line and nothing happens. No code gets generated. Can't figure out what the problem is.
[image]
Answer 1: It was the VPN that was the problem. Disconnected it and it works now"
U191,75688720,https://stackoverflow.com/questions/75688720,thewb,2023-03-09,"Title: How to ""embed"" a front-end IDE in JS
Question: Are there any libraries for creating a front-end IDE for JS? Just the animation but with functionalities like multiple tabs.
Great example:
GitHub Copilot
[image]
Comment on question: If you want tabs, you will need a tab manager. Many modern frameworks include this feature.
Answer 1: Here is a simple tab manager that allows you to switch between tabs.
You need to break this component into two sub-components:
The actual tabs you can click
The tab panel that is active
[code]"
U192,75689253,https://stackoverflow.com/questions/75689253,L K,2023-03-09,"Title: Referencing a value in a different table based on a unique value from given table?
Question: So I have 2 tables in Prisma Schema. I want the postImage to reference the userImage from the user it belongs to in Prisma Schema format? How do I do that?
[code]
I've tried using google, chatgpt, copilot, forums and read the docs. Can't seem to find any way to do this.
Comment on question: Does this page not help? It's basically the same as your code. And if it doesn't help, why? What exactly are you having trouble understanding or using?
Comment on question: No, sadly. If you scroll down you'll see that it requires me to set the userImage to @unique. Which I don't want to. I forgot to mention that in my original post."
U193,75707565,https://stackoverflow.com/questions/75707565,bhushan laware,2023-03-11,"Title: VSCode TextEditorDecoration API not rendering white spaces
Question: I am trying to create copilot like ghost snippet suggestion using vs code TextEditorDecoration, but I am not able to figure out how to fix below issues
White spaces not getting rendered
[image]
Not rendering decorations after the last line. Currently, all are shown on the last line only.
[image]
My code look something like below.
[code]
Answer 1: For the whitespace part of your question, see MDN before/after content property - I assume that the renderOption.contentText ultimately gets passed to ::after content and so special characters, like whitespace, must be unicoded. See also [decorators] spaced are collapsed in contentText (before/after decoration attachments): where they use successfully use unicode spaces to avoid the collapsing whitespace problem.
This code works:
[code]
Note in the above code all that leading whitespace on each line is irrelevant (because it gets stripped out) so you can format pretty much how you like to make it readable.
to produce this (it isn't selectable code - it is only a decoration):
[image]
Here is info on fixed-width spaces: Wikipedia unicode spaces. You will have to determine which one you want to use. I used \u2003 which is equal to two spaces (you could look at the useer's indentation settings to see how many spaces they are using for indentation). I tried the unicode for a tab \u0009 and unfortunately it doesn't work - there is no indentation at all for a tab unicode.
For your second question about last-line decorations, I can't find a reference but I remember seeing something similar. A range which extends past the end of the file is not allowed - you can construct the Range but it can't be used in the api to refer to lines that don't yet exist. So all the decoration goes on the same line. You would have to check the lineNumber against the total lines in the file and make an edit to add lines first and then apply your decoration. I can't find a citation for this idea but this seems to be what is happening.
Answer 2: What I found by reverse engineering copilot implementation and digging into vs code source code. Copilot using the InlineCompletionItem instead of TextEditorDecoration.
This is how we can use it. First add InlineCompletionItem Provider as below shown code.
[code]
And then you invoke it on the cursor change event using the below command
[code]
Hope this helps someone who trying for something similar."
U194,75715006,https://stackoverflow.com/questions/75715006,dnrandom,2023-03-12,"Title: VSCode not showing Github CoPilot shortcuts and prev/next options
Question: I recently installed Github CoPilot extension in my VSCode editor (v1.76.1) on Ubuntu 20.04. I am able to trigger inline suggestions using Alt + \, but I am unable to use Alt + [ or Alt + ] shortcuts to navigate between suggestions. Additionally, when I hover over the inline suggestion, I don't see the ""prev"" and ""next"" options.
I have confirmed that I am running the latest version of CoPilot (v1.77.9225) and CoPilot Labs (v0.12.791). I have also checked my keyboard shortcut settings for Github CoPilot and they seem to be correct (see attached photo).
Is anyone else experiencing this issue? Any suggestions on how to resolve it would be greatly appreciated. Thank you.
Attached photos:
[image]
Screenshot showing keyboard shortcut settings for Github CoPilot:
[image]
Comment on question: I have the same problem. I am using the VIM plugin, wondering if that may be interfering?
Comment on question: They weird thing is that sometimes it works though (mostly it does not). I have not observed a clear pattern yet.
Comment on question: @Simon I guess not. I was using it also, but there was no effect after disabling it.
Comment on question: Same issue here. I'm using MX Linux 21.3 (based on Debian 11.6).
Comment on question: Which desktop environment or window manager are you using? I am on i3.
Answer 1: What worked for me was to set these two shortcuts here (which were unset on my VSCodium installation):
[image]
FWIW, this is what gets added to keybindings.json:
[code]
Answer 2: Add or change setting.json this line like this:
[code]
Comment on answer 2: Your answer could be improved with additional supporting information. Please edit to add further details, such as citations or documentation, so that others can confirm that your answer is correct. You can find more information on how to write good answers in the help center.
Answer 3: In settings.json, delete this line of code:
[code]
settings.json can be opened by clicking Edit in settings.json in Github Copilot settings under File > Preferences > Settings > Extensions > Copilot in VSCode.
[image]
Now, the inline suggestions toolbar should show.
Read more: https://code.visualstudio.com/updates/v1_75#_redesigned-inline-suggestions-toolbar"
U195,75721009,https://stackoverflow.com/questions/75721009,walkman,2023-03-13,"Title: linux vscode server cant bypass proxy specific domain when i am connect in windows
Question: i use vscode ssh connect with linux remote code server
the remote server have proxy export http_proxy=http://127.0.0.1:1080 it is ok
but export no_proxy=github.com it is bad.
code server extension copilot still use proxy 1080 to connect github.com
when i start up with code --proxy-bypass-list=github.com in windows cmd, it is still failed
so, how can i bypass it.
[code]
[Proxy Support for Extensions should also include NO_PROXY · Issue #68260 · microsoft/vscode · GitHub] (https://github.com/microsoft/vscode/issues/68260)
Setup Visual Studio Code's Network Connection
Answer 1: copilot auto detect proxy variable, is not matter with vscode"
U196,75728582,https://stackoverflow.com/questions/75728582,Grismar,2023-03-14,"Title: Visibility of superclass constructor parameters in subclass constructor
Question: Consider this example:
[code]
However, when writing a SubFoo() definition, editors and IDEs will only be able to provide type hints and auto-completion for the subclass' own parameters, the superclass' parameters are effectively hidden. (interestingly, CoPilot sees right through it, but that's not a solution to my question)
My question: is there some way, Pythonic or nasty, that would allow me to write SubFoo without having to repeat the full signature of Foo verbatim, while retaining autocompletion, type hints, etc.?
A solution that requires rewriting of Foo would be acceptable, but of course a solution that only requires work on SubFoo would make it more useful. And if there's some solution that would work for other methods, but not for constructors, I'd be interested to see it as well.
As for repeating the entire signature of Foo verbatim, this works and behaves as required, but is impractical when extending more complex classes:
[code]
Note that I don't see objections to what I'm asking out of principle. Constructors like this break the Liskov substitution principle, but that typically doesn't apply to constructors anyway. If there's some other reason why nobody should want this in the first place, that might be a good answer as well.
Comment on question: Didn't you mean to call super().__init__(bar, baz) in your last __init__?
Comment on question: As far as I know, Python and the most popular Python IDEs don't have what you ask for built in.
Comment on question: Also in C++ and Java it's standard practice to manually repeat relevant superclass constructor arguments (including type and name) in the constructor. One reason for doing so is that the constructor arguments are part of the contract between the class and the user of the class creating instances. At instance creation time it doesn't matter whether some functionality is implemented using inheritance or composition (or both). It's the job of the constructor to take all arguments, and distribute them to constructors of inherited or composed classes.
Comment on question: What makes you believe that the Liskov substitution principle does not typically apply to constructors? It most certainly does.
Comment on question: The aim here is not to get into a discussion of the philosophy of computer science here, but the principle is ""Let phi(x) be a property provable about objects x of type T. Then phi(y) should be true for objects y of type S where S is a subtype of T."" Since a constructor belongs to the class, and not to the object, it can be considered not to apply - any attribute or method on an instance of the subclasss should be interchangeable with the same on the instance of the superclass though. If you don't agree @blhsing, that's fine - that's besides the point of the question.
Comment on question: @Grismar My point is that, if you choose to follow the Liskov substitution principle, then the principle applies to all methods equally, including the constructor. The __init__ method is not a class method for a reason. It takes arguments meant to be specific to the instance being instantiated and initializes its instance attributes accordingly, so the Liskov substitution principle applies. You're confusing __init__ with __new__, which is indeed a class method and typically does not perform instance-specific initialization itself (but calls __init__ after it's done).
Comment on question: Clearly splitting hairs; I'm sure you're aware that the process of object creation and initialisation in Python is split between __new__ and __init__ (which is then typically called the constructor), where most popular languages have constructors that combine the functions. In Python, __new__ is rarely overwritten, while __init__ is typically overriden by subclasses to introduce new object attributes. Even if you were to make the point that __init__ could be called to reinitialise an object, the same argument with regard to LSP that applies to constructors more broadly, applies here.
Answer 1: You can hack around a solution for it using the inspect module, but I personally wouldn't do it. It's not necessary that the tools you're using will actually make use of such runtime modifications. IDEs do their own static code analysis to figure things out.
Again, this is just a demonstration, not a solution that covers all edge cases. One can have any type of logic before and around the super() call and you never know what exactly is being passed to the base classes.
[code]
Now if we check help() on the class and its methods:
[code]
It is a common pattern to repeat the superclass's arguments in a subclass in Python. You can either mention them explicitly or collect them in args and/or kwargs if required and distribute them accordingly as @pts mentioned in the comments.
Ideally, to respect the Liskov substitution principle (LSP) the subclass should match the signature of the superclass and any additional argument should be optional. This allows the users to use either class interchangeably.
[code]
Now we can use either class interchangeably:
[code]
Django does something like this for its Field class and its subclasses:
It forces the arguments to be keyword-only to make the instantiation even clearer and the base class Field doesn't expect kwargs to force users to not pass unexpected fields. Here the subclasses only specify the additional keyword arguments they expect and the rest are collected in **kwargs and passed to Field.
[code]
Usage:
[code]
Comment on answer 1: Thanks, this does indeed answer the question for REPLs, and from your answer and the other answer, it seems likely that there is nothing like this in Python that would meet the requirements during development, even if some static code analysis approach might figure it out. (like CoPilot does, although that's a wildly different approach from typical static code analysis - more like a really good educated guess)
Answer 2: Although there seems to be no clear the line, I have one idea more pythonic than this:
[code]
And my suggestion:
[code]
Following the code is a whole revised script:
[code]
This is output:
[code]
But, in this case, the nature of inheritance might be different to use the concept. So, we must develop a new perspective to use this. (Solution makes another problem.)
Note that as you know, we should consider that MRO affects this order that we write, so we must include super().__init__(Foo) after allocating instance variables."
U197,75748806,https://stackoverflow.com/questions/75748806,David Thielen,2023-03-15,"Title: Does Visual Studio auto-complete conflict with Copilot
Question: I am getting the following problem using Copilot in VisualStudio. (If you don't want to watch the video, it's inserting the Copilot code when I press TAB, but commenting out a bunch of the inserted code.)
What it shows:
[code]
What it inserts:
[code]"
U198,75785497,https://stackoverflow.com/questions/75785497,Ian,2023-03-19,"Title: How do I make the UI update when changing values in a List?
Question: I want to change the colour of some things in my Jetpack Compose project, but I simply can't get it to work. I'm trying to make a small app for myself where I have a 3x3 grid in the middle (that's a LazyVerticalGrid) that I want to change the colour of. My code so far is as follows:
[code]
And a data.kt file (which is really bad) with
[code]
The Log.v at the bottom prints out a new list everytime the button is pressed, but nothing changes when I change the values. This is even after looking around a lot and using a val cols = remember { mutableStateOf(RRCols) }.
How do I fix this so that the RRGrid composable is updated whenever I change the value inside the remember.
I've searched around, tried using GitHub CoPilot, New Bing, and read documentation. But I can't see what I'm doing wrong since the list clearly changes its values.
Answer 1: Don't mutate your list, assign a new list to the remembered variable, or use mutableStateListOf instead.
Comment on answer 1: Thank you for the answer, but I'm very unsure about exactly what you mean with either of those solutions. I'm very new to this and this is my first project."
U199,75802296,https://stackoverflow.com/questions/75802296,Grant Curell,2023-03-21,"Title: Visual Studio Code - Copilot brushes appear to do nothing?
Question: I'm trying out copilot and I feel like I am missing something.
Most of it seems to do very little or just doesn't work. For example:
Highlight code
Click the DOCUMENT brush
I expect it to add comments. I've tried clicking other brushes and they all seem to do nothing. The code explainer works but it seems more cumbersome then just asking ChatGPT outright.
Am I doing something wrong with the brushes?
Update
I realized the plugin had crashed. I rebooted vscode and that got it running
I hit the document brush it added quite nothing. It just copied and pasted the code block I had highlighted
Make readable just deleted comments that I needed
Make robust deleted all my code and replaced it with a few nonsense lines.
Am I missing some serious part of the configuration?"
U200,75810769,https://stackoverflow.com/questions/75810769,Kyryl Zotov,2023-03-22,"Title: Android co pilot generate from comments
Question: I tried android kotlin co pilot and it works when I write function name - it proposes to generate outcome.
Also it proposes to finish line of kotlin code.
But it doesn't generate code based in comments in kotlin or comments in XML, like in that medium article.
https://miro.medium.com/v2/resize:fit:828/1*4efMJaP9P9jQUqq2jAXQqQ.gif
https://thatrohit.medium.com/power-up-your-android-development-with-github-copilot-957829eadf0f
Answer 1: Just write a comment and press enter button, and it will work
Comment on answer 1: Amazing, thanks! also News to wait few seconds
Comment on answer 1: Comment might be enough, since its just a single line answer with no code."
U201,75817726,https://stackoverflow.com/questions/75817726,Steve,2023-03-22,"Title: Not prompted to authorize Visual Studio with the GitHub Copilot service
Question: I have just installed Github Copilot in my Visual Studio Professional 2022 (64-bit) - Preview 1.0
[image]
But when I re-open Visual Studio, I am not prompted to authorize Visual Studio with the GitHub Copilot service.
It this due to my Visual Studio Preview version?
Comment on question: After waiting for 30 minutes, I can get the prompt to authorize Visual Studio with the GitHub Copilot service."
U202,75821602,https://stackoverflow.com/questions/75821602,Vey,2023-03-23,"Title: How to make NodeJS available on PATH to Vim plugin?
Question: I am trying to use the GitHub Copilot plugin for Neovim which is already available from Nixpkgs as copilot-vim. After installation, running the plugin with :Copilot setup gives me Copilot: 'Node.js not found in PATH'.
I thought I could just add NodeJS through an overlay, like this:
[code]
But this doesn't make the error go away.
I know that I can just install NodeJS in whatever way. But my goal is to add NodeJS on PATH as a dependency to this plugin, rather than adding NodeJS in a decoupled fashion.
Comment on question: As it's run time dependency and not build time you might need to look into wrapping. See here: stackoverflow.com/a/69395418/1663462
Answer 1: So, buildInputs only makes nodejs available during the build. But if the build output does not end up with a reference to nodejs, it won't be there in the finished package.
Looking at the code to copilot-vim, it seems you would want to patch this line:
[code]
to have your included node version as the default.
I would probably do something like this:
[code]
Comment on answer 1: This works well. The sed invocation needs to be changed a little bit. I can't edit your post and I can't post code blocks as comments but the updated sed call is here"
U203,75827616,https://stackoverflow.com/questions/75827616,Thomas Sch&#228;tzing,2023-03-23,"Title: vs code copilot icon gone
Question: I can't find the github copilot icon for vs code
I tried uninstalling and reinstalling the GitHub Copilot extension and reloaded the window i closed the vscode with taskmanger and restarted it and i cant get it to work.
Comment on question: If you're talking about the left bar, then try right clicking and seeing if the item in the context menu there to display the copliot icon is unchecked. If it is, click it to make it checked again. Does that solve your problem?
Comment on question: No, it does not it's not there anymore but thanks for trying to help
Comment on question: I'm facing the same issue. Hard-reloading VSCode doesn't make it appear again. There's nothing in the VSCode Output for Github Copilot.
Comment on question: @EdmundoSantos what if you run View: Reset View Locations in the command palette?
Comment on question: I downgraded the extension to a version released 2 weeks ago and it started working again.
Comment on question: if you go back to the latest version, do you get any useful info in the Output panel? (View > Output > various output channels)"
U204,75831120,https://stackoverflow.com/questions/75831120,Pierce Harris,2023-03-24,"Title: GitHub Copilot Not Auto-Suggesting In Visual Studio
Question: I just installed the GitHub Copilot extension in Visual Studio, and I'm following the setup on GitHub Docs. I got to the point where they tell me to put in some code and I should be getting auto-suggestions, but nothing appears. Anyone know a fix for this?
I enabled GitHub Copilot globally and for C#, but still no auto-suggestions.
Answer 1: There are two ways that I know of.
One use: //Some thing you want to do, and then use Ctrl+Alt+\.
Another: //q:Some thing you want to know, and then use Ctrl+Alt+\ or Ctrl+Alt+Enter."
U205,75835737,https://stackoverflow.com/questions/75835737,Oliver Olss&#233;n,2023-03-24,"Title: How do i fix Something went wrong checking access: self signed certificate in certificate chain when using Copilot labs
Question: Im behind a corporate proxy but the strange thing is that i can use Copilot extension without any problem but not the Copilot labs.
I've tried following:
installed win-ca extension and set inject to append
tried disabling: ""Http: System Certificates""
tried disabling: ""Http: Proxy Strict SSL""
Nothing works and now im stuck. Appreciate any help :)"
U206,75843776,https://stackoverflow.com/questions/75843776,hanugm,2023-03-25,"Title: GitHub Copilot Labs not working in Visual Studio Code due to DNS issues - Unable to ping external websites
Question: I recently installed Visual Studio Code to use GitHub Copilot and GitHub Copilot Labs. While GitHub Copilot seems to be working fine, I am having trouble getting GitHub Copilot Labs to work due to DNS-related issues. I discovered this problem when I tried pinging external websites like google.com, which consistently failed. However, I am able to successfully ping my gateway IP address.
Here's what I've tried so far:
Tested ping with different websites and external IP addresses, but none of them worked.
Checked my system's firewall (UFW), which is currently inactive, to ensure it wasn't blocking outgoing ICMP traffic.
Changed my nameservers to public DNS servers like Google (8.8.8.8 and 8.8.4.4) and Cloudflare (1.1.1.1 and 1.0.0.1) by modifying /etc/resolv.conf and updating network settings via the Network Manager GUI.
Verified that my IP address, subnet mask, and gateway are correctly configured by examining the output of ip addr show and ip route show.
Despite trying all these steps, I am still unable to resolve external domain names or use GitHub Copilot Labs in Visual Studio Code. My network configuration seems to be correct, but I cannot figure out why I'm experiencing these DNS issues.
Has anyone encountered a similar problem, or does anyone have suggestions on how to fix this issue? Any help would be greatly appreciated.
Answer 1: Perhaps this won't be the solution or relevant for you, but I ended up here when looking for a solution for the same issue. CoPilot working just fine in VS Code, but Labs unable to connect or even sign in. Your question made me think perhaps my issue was DNS related too, which it was!
I am using a DNS-level ad-blocker and when checking the logs there was one domain for telemetry that got blocked when trying to use Labs, i whitelisted it and restarted VS Code. Tried signing in again and got it all to work.
The domain i whitelisted to make it work was the following:
[code]
CoPilot is able to run just fine with this blocked, but Labs seems to need it whitelisted.
Perhaps it can send you in the right direction as well? Good luck!"
U207,75850775,https://stackoverflow.com/questions/75850775,Krzysztof Romańczuk,2023-03-26,"Title: Extension VS code copilot
Question: I have installed the latest version of Copilot, but I am receiving messages indicating that my editor's Copilot extension (version 'copilot/1.31.6194') is out of date and that I need to install a newer version to access the service. I have already tried uninstalling and reinstalling both the extension and VS Code itself, but the issue persists. Any ideas on how to resolve this issue?
Comment on question: not a question for stackoverflow.
Answer 1: On my MacOS, I had VS Code installed. To download it, I had to move it to the applications folder and then update Visual Studio again"
U208,75859757,https://stackoverflow.com/questions/75859757,Nikhil REDDY,2023-03-27,"Title: How to use or integrate github copilot in monaco-editor
Question: Please someone explain me how to integrate github copliot and Monaco-Editor
Someone please explain how to solve this and share code snippets."
U209,75861922,https://stackoverflow.com/questions/75861922,Yamin Siahmargooei,2023-03-28,"Title: How to make a always on placeholder/hint for Jetpack Compose TextField?
Question: M3 TextField has a placeholder parameter where it shows a text when it's focused and empty. But I want to show a placeholder or a hint always as the user is typing. Something similar to search suggestions but more like Github Copilot suggestions which suggest text as you type.
[image]
Visually I achieved what I want but currently, when the cursor is moved it's not moving logically I suspect OffsetMapping is responsible for that but I can't fix it. The problem is when you try to move the cursor it moves but sometimes jumps to the end of the green text instead of moving smoothly.
[code]
Answer 1: To add an extra view to a text field, you can use a BasicTextField with one of the standard decoration boxes.
For example, instead of OutlinedTextField you can use TextFieldDefaults.OutlinedTextFieldDecorationBox, and in innerTextField you can decorate the text field according to your requirements:
[code]
[image]
Comment on answer 1: Which version of Material3 are you using? I'm using 1.1.0-beta01 and its OutlinedTextFieldDecorationBox has no border parameter.
Comment on answer 1: @YaMiN I didn't notice that you are using the M3, but you should be able to use the same principle there. Let me know if you think I should updated my code to M3."
U210,75898544,https://stackoverflow.com/questions/75898544,user21535488,2023-03-31,"Title: visual studio 2022 coplit show:Your current Copilot license doesn't support proxy connections with self-signed certificates
Question: cant used copilit at visual studio
enter image description here
when i sign in the coplit ,visual studio ,shows error, ""show:Your current Copilot license doesn't support proxy connections with self-signed certificates.""
how to fix it ,I
Answer 1: Solution found in some post on github but you might find it useful:
Open Edge browser and navigate to github.com
Open certificate details (icon left to page url) then go to second tab in cert viewier
Export cert - save as chain (choose 'save as type'[chain - second in the list] in a 'save as' window) - it should be in PEM format (type extension manually)
Add system variable (NODE_EXTRA_CA_CERTS) with path to the PEM file.
Start Visual Studio 2022 and it should fly.
Comment on answer 1: Confirmed working! Does not work without the ""chain - second in the list""! Thank you!"
U211,75904268,https://stackoverflow.com/questions/75904268,Donaaal,2023-04-01,"Title: Why my vscode github copilot extension can't connect to the server?
Question: I have already joined the github copilot waitlist and received email from github, but I still fail to enable my copilot in vscode.
The error is:
GitHub Copilot could not connect to server. Extension activation failed: ""Timed out waiting for authentication provider to register""
I open the Developer tools and find that
ERR Extension 'github.copilot' wants API proposal 'interactive' but that proposal DOES NOT EXIST. Likely, the proposal has been finalized (check 'vscode.d.ts') or was abandoned.
What's wrong with my vscode?
I've tried to add
[code]
in my host file but it still doesn't works.
According to the discussion GitHub Copilot could not connect to server. Extension activation failed: ""Timed out waiting for authentication provider to register"" #11324
I've also tried to enable my GitHub Authentication but there doesn't exist ""profiles"" in my preferences.
Comment on question: What kind of network are you on? Are you behind a firewall/company network?
Comment on question: Re-Signing into GitHub Authentication in helped me: enter link description here
Answer 1: TLDR;
You will need to uninstall your VS Code and delete its data, then reinstall the VS Code. It should work and resolve the issue that you are facing.
Old and new discussion on issue
The Github discussion that you have referenced in your question is three weeks old; however, we had started another topic on this exact issue in the Github Copilot community and this issue is resolved now. Please view the detailed discussion at the following URL:
https://github.com/orgs/community/discussions/50848 (I have added a brief of the discussion below for quick reference)
Troubleshooting steps:
You can start with:
[code]
It should work on the final troubleshooting step above (ranked easier to difficult-to execute).
Returned error in VSCode logs (for verification and reference)
Here's what the error reads on the latest install of the Github Copilot (v1.78.9758) in the output. The Electron developer console shows this output:
Extension 'github.copilot' wants API proposal 'interactive' but that
proposal DOES NOT EXIST. Likely, the proposal has been finalized
(check 'vscode.d.ts') or was abandoned."
U212,75916008,https://stackoverflow.com/questions/75916008,Matthew Walton,2023-04-03,"Title: Update WSL Ubuntu Terminal, When Windows updates?
Question: My terminal is not behaving like it should. For some reason my Ubuntu terminal doesn't seem to be connected. I have my machine setup for school and our coding environment and it got disturbed. I don't know if it was a extension that did it or a update. I tried to turn off my updates on window to keep from doing this for right now and it happen. I have WSL Ubuntu terminal setup. I recently add GitHub copilot and gitlens and I don't know if those could of have done it too.
I tried to re-connect to it several times, when I open my terminal it says the terminal behavor can be configured in advance profile settings. then in the actual terminal it says in [process exit with code 4294967295 (0xffffffff)], I just a new student and I don't know what happen.
Comment on question: what's with the vscode tag here? Are you using VS Code's integrated terminal? Or is this in the the GNOME terminal application that comes with Ubuntu?
Comment on question: I have WSL Ubuntu and yes it is integrated with my VS code.
Comment on question: it's pretty much Ubuntu running in my windows Power shell. I can switch back and forth from the shell to Ubuntu.
Comment on question: I can take a screen shot of my terminal, so you can see what I'm talking about
Comment on question: Please clarify your specific problem or provide additional details to highlight exactly what you need. As it's currently written, it's hard to tell exactly what you're asking.
Comment on question: I have Windows and WSL OS on my computer. WSL is Windows Subsystem for Linux. The Windows Subsystem for Linux lets developers run a GNU/Linux environment-including most command-line tools, utilities, and applicants- directly on Windows, unmodified, without the overhead of a traditional virtual machine or dual boot. It runs pretty much in my Terminal as well as Power Shell. It's a Shell terminal too.
Comment on question: Please, only need people who know what they are talking about too. please don't waste my time. A lot of people on here should know what I'm talking about when I say Ubuntu WSL, It's not wanting to connect at all.
Answer 1: This error code is usually related to network issues, though some other things, like a corrupted virtual disk also can cause this, in this case you're probably better off reinstalling.
This topic proposes loads of workarounds, but I've filtered some out which helped me out sometime or looked the most promising.
Shutdown your whole WSL environment. You can do this by rebooting your PC or running wsl --shutdown in a terminal window (i.e. a cmd or Powershell window)
If above does not work, open an elevated terminal (Choose Run as Administrator when right-clicking on the Terminal) and run netsh winsock reset
Shutdown any Docker servers running on your host OS as they can apparently interfere with DNS traffic, and prevent WSL from booting.
I don't know how you fire up your WSL, but if the above steps don't work, try booting from within a command line using the wsl command.
Comment on answer 1: I got it. What had happened was that my windows updated and The Terminal didn't. So I had to update the Terminal by typing in the command line in Windows Power Shell this wsl.exe --update. Then I was able to connect back with Ubuntu WSL.
Answer 2: So I found the answer to my problem and wanted to share it with others that may have a similar problem to my problem. The problem was that my Windows updated but my terminal didn't at all. To fix the problem you have to update the terminal as well. Go to the Terminal, much sure you are in windows power shell, and the command line type wsl.exe --update. Then exit out of all windows and then re-open your terminal."
U213,75922278,https://stackoverflow.com/questions/75922278,Natalionaire,2023-04-03,"Title: GitHub Copilot Extension Chat function not appearing in VSCode
Question: I installed the Copilot extension, verified I was signed into my GitHub account, confirmed my billing/trial information, but I do not see the icon for the extension in my side panel to be able to engage the chat function. Does anything else need to be adjusted? This is happening on two different laptops.
Screenshot of side panel missing Copilot
I tried uninstalling and installing different versions of Copilot.
Comment on question: The side bar is part of a different extension called Copilot Labs
Comment on question: The chat icon also shows up in the activity (side) bar. I'm having the same issue. Anyone that stumbles on this post can following the GitHub issue I opened: github.com/microsoft/vscode-copilot-release/issues/4
Answer 1: I followed the Beta invite email steps and its working correctly.
Working copilot chat
[image]
Download and install Visual Studio Code - Insiders (Green instead of blue icon on 15 May 2023)
VS Code 1.79.0-insider and GitHub Copilot NIghtly v1.86.92
Already on the Insiders build? Make sure you are on the latest version!
In VS Code Insiders, go to the Extensions tab (Cmd+Shift+X) in the activity panel and search for and install the GitHub Copilot Nightly extension.
If you have not previously authorized VS Code Insiders in your GitHub account, follow the steps to do so, you will be prompted to sign in.
A new Chat icon appears in the activity panel. Click on it to see the conversation interface.
If that doesn't work, restart the editor and authorize GitHub Copilot to see the chat window.
Comment on answer 1: Hi, I'm having the same issue. On macos here and there is no icon. I don't see any way to differentiate between insider or normal version of vscode, but I downloaded from code.visualstudio.com/insiders and the download doesn't actually say anything in particular that would hint to insiders build, I don't find any other link though.
Comment on answer 1: I was not using the latest version of VS Code insiders. Updating it, resolved the issue.
Comment on answer 1: @DrSocket on a mac, u try the top left Menu text ""code xxx"" and about will show the version number."
U214,75926959,https://stackoverflow.com/questions/75926959,Laurent Claessens,2023-04-04,"Title: activate copilot for only one directory
Question: If it matters, I'm using neovim.
I have a directory /home/laurent/dev containing my development files. I want Copilot to be activated only on that directory (and its subdirectories).
The reason is that, in other directories, I have personal data. I don't want to use copilot on personal data.
quasi duplicate: https://stackoverflow.com/questions/72617988/can-you-make-github-copilot-opt-in-on-a-per-project-basis
Here I'm asking for neovim instead of visual studio.
Answer 1: I don't have coopilot, so you need to test it for yourself, but in general this is how I'm auto running commands in buffers with specific path.
In neovim you can use lua version of autocmd. Bellow you have 2 of them.
One is to run :Copilot enable in your ~/dev/ directory.
[code]
Second is optional. :Copilot disable in place with your secrets.
[code]
edit:
@Laurent mentioned in the comment, a solution that will disable every buffer and then enable ~/dev/. Here is the code for it.
[code]
Comment on answer 1: I add the ""disable"" part first with pattern= '*', then then ""enable"" part. It works fine.
Comment on answer 1: @LaurentClaessens I've edited post with your suggestion. Could you please check if this is correct?
Comment on answer 1: Except for the typo (""enter code here"" ;) ), it's ok."
U215,75947827,https://stackoverflow.com/questions/75947827,Gin Quin,2023-04-06,"Title: In a NLP AI model, how to create a persistent context per user?
Question: I’m developing a new word processor application, and I’m interested in the capacities of AI and NLP to guess the end of a sentence a user is currently typing.
I would like the AI model to know about the context, i.e. the previous text that has been written (introducing characters, places, and the tone of the text).
It would work somehow like GitHub Copilot: the copilot is aware of the rest of the code, and can generate appropriate answers.
I imagine two possibilities:
fine-tuning a model with the other inputs of the user
pass a part of the current text as context to the chat API before asking to complete an unfinished sentence.
Solution #1 is scalable (you can train your model with arbitrary amounts of text) and will produce very precise results, but there are two drawbacks:
fine-tuning is slow (not the most annoying part),
if there are millions of users, it means millions of different fine-tuned models. Can any NLP engine process that as of today?
Solution #2 will work great for small texts, but it's suboptimal, as you will have to resend the context every time you start a new conversation with the AI. And the bigger the context, the worse is this solution.
How to achieve that with AI? GitHub Copilot is kind of achieving that, so I guess it's possible."
U216,75990864,https://stackoverflow.com/questions/75990864,Kevin Weinrich,2023-04-11,"Title: GitHub Copilot Labs errors out when I ask it to explain code
Question: I have both the GitHub Copilot and GitHub Copilot Labs extensions in VS Code. VS Code says I'm logged in to my github account. I signed up months ago for Copilot, and I believe I have the $10/month subscription running. I see regular Copilot suggestions in my PowerShell code as I type.
But when I select a line or a few of code, then click the cute little copilot icon on the left, then click ""Explain code"", I always get the following error:
Error generating Copilot response, please try again. Changes in the prompt or stop sequence might fix this. If this error happens repeatedly check that you are logged into GitHub and have access to both Copilot and Copilot Labs.
I looked at https://docs.github.com/en/copilot/troubleshooting-github-copilot/troubleshooting-common-issues-with-github-copilot , but it doesn't seem to describe my situation.
Any idea what I'm doing wrong?
Answer 1: What programming language are you using? Copilot only support a limited set of programming languages and file types, check here: https://docs.github.com/en/copilot/getting-started-with-github-copilot.
You also can try clearing the cache of VSCode and restart the environment.
Or you can try Visual Studio Code Insiders https://code.visualstudio.com/insiders/ with the GitHub Copilot extension.
Comment on answer 1: I work with PowerShell. It works fine in Copilot when I'm typing in an edit window, making good suggestions.
Comment on answer 1: It's just when I click ""Ask Copilot"" under 'Github Copilot Labs' that it balks. I have tried it in 'Visual Studio Code - Insiders', too. Same results. I just cleared the cache, and that also didn't help. Any other ideas?
Comment on answer 1: I checked, my github account shows my Copilot subscription (I can't show the screenshot, so this cut-n-paste probably won't look like much): Add-ons GitHub Copilot Your AI powered pair programmer Yearly plan $100.00"
U217,75992507,https://stackoverflow.com/questions/75992507,khateeb,2023-04-12,"Title: GitHub Copilot not working for Go but workin for JS in VSCode
Question: I recently installed GitHub Copilot in VSCode and followed the instructions here. It is showing me suggestions for JS correctly as advertised there but when I try with Go, I am not getting any suggestions. Even a simple function like the one below does not offer a single one. How do I get it to show suggestions for Go as that is m primary coding language?
[code]
This is the log for Copilot for the above code:
[code]"
U218,76007592,https://stackoverflow.com/questions/76007592,tonetone,2023-04-13,"Title: Copilot not showing suggestions in vscode yet showing input/output activity
Question: I am trying to get copilot to work with vscode.
I think the screenshot shows:
I am logged into copilot
copilot is sending requests to github ad getting some kind of response
but no suggestions!
[image]
For good measure, here is the cmd output showing I have the latest version of vscode.
[image]
I have also repeatedly opened and closed vscode.
Any other suggestions?
I tried to follow various advice lines from here - https://stackoverflow.com/questions/74831509/github-copilot-does-not-work-after-latest-vscode-update
I was expecting to start seeing recommendations!"
U219,76009072,https://stackoverflow.com/questions/76009072,JasonC,2023-04-13,"Title: Is there a way to set the default line ending for GitHub Copilot?
Question: I am trying out GitHub Copilot on a project that uses CRLF for all line endings. Copilot often suggests other line endings (CR or LF). Is there a way to configure or tell Copilot to only use a certain line ending?"
U220,76016049,https://stackoverflow.com/questions/76016049,dafna,2023-04-14,"Title: Copilot suggests only line by line
Question: Copilot suggests only line by line instead of a whole block. I've seen issues a year ago which were actually a copilot bug but I can't find any hints for the current version. Is there a setting to enable it or do I have to switch anything off in VS Code?
Comment on question: ""I've seen issues a year ago"" links please? And can you add a procedure to reproduce what you observe and tell us clearly what you expect to observe?"
U221,76017165,https://stackoverflow.com/questions/76017165,JamesC,2023-04-14,"Title: Can't access controller method in Web Application
Question: I have inherited an old Web application.
Simple Background:
Currently, there are buttons on razor .cshtml page that call JS functions on a separate file.
It does ajax calls to controller methods via SweetAlert just fine.
.cshtml file:
<div class=""col-sm-1"">
@*<input id=""EmpEmailButton"" class=""btn btn-sm "" type=""button"" value=""Link"" title=""Link email to a user with Email address."" onclick=""updateDatabase()"" />
</div>
.js file:
[code]
c# file:
[code]
What I am trying to do:
I am trying to create new JS functions that call new Controller methods using same style as existing approach.
Changes I have made:
Created new Controller methods by copying and pasting and just changing method name and method code.
I have used copied and pasted same JS code and just updated URL to call new method in Controller.
Results:
It fails every time with 404 when testing new method(s) I create.
I have also tested using Postman. Postman returns ""200 OK"" for existing methods in Controller. And 404 for all methods I have created.
Things I have tried:
I have read that Controllers sometimes have issues and to create a brand new controller and test. I have, same results.
I have done a ""clean and build"" in VS. No diff.
I am using routing defined in RouteConfig.cs. No diff.
Switched return type from string to ActionResult. No diff.
Added attribute to method: [System.Web.Mvc.AcceptVerbs(HttpVerbs.Post | HttpVerbs.Get)]. No diff.
I have researched if it is possible to block Controller methods (maybe the last guy wanted to control access??). But nothing seems out of the ordinary. I did get excited when I discovered ""MVC-AreaRegistrationTypeCache.xml"" thinking there was a file that may have list of specific allowed methods to access but this was not helpful.
Tested using Postman. 404 every time. Postman Response
Cleared my browser cache. No diff.
Followed ChatGPT solution. No diff.
Followed GitHub CoPilot hint solution. No diff.
ANY HELP WOULD BE APPRECIATED!!
I have read that Controllers sometimes have issues and to create a brand new controller and test. I have, same results.
I have done a ""clean and build"" in VS. No diff.
I am using routing defined in RouteConfig.cs. No diff.
I have researched if it is possible to block Controller methods (maybe the last guy wanted to control access??). But nothing seems out of the ordinary. I did get excited when I discovered ""MVC-AreaRegistrationTypeCache.xml"" thinking there was a file that may have list of specific allowed methods to access but this was not helpful.
Tested using Postman. 404 every time.
Answer 1: The fix was pieced together from different posts.
rename/delete VS auto generated cache files MVC-ControllerTypeCache.xml and MVC-AreaRegistrationTypeCache.xml
run VS in ""release"" mode to regenerate cache files.
It helped using Postman to test URLs."
U222,76036793,https://stackoverflow.com/questions/76036793,jun c,2023-04-17,"Title: May I know what is the font in the github copilot lab video?
Question: enter image description here
i want to figure out what is the font in the screenshot, searched and cannot find any clues,
many thanks
i search through the github / google /youtube/ twitter
Comment on question: Please read Why should I not upload images of code/data/errors?. Instead, format code as a code block. The easiest way to do this is to paste the code as text directly into your question, then select it and click the code block button."
U223,76037936,https://stackoverflow.com/questions/76037936,William Entriken,2023-04-17,"Title: How to load github.copilot without specifying in devcontainer.json?
Question: Here is a devcontainer.json I am successfully using:
[code]
However I have specified github.copilot which is really only my business. I pay for Copilot and when I load this project I want Copilot in it.
If you load this project and you don't pay for Copilot you don't want Copilot in it.
If I am publishing this project for many people to use, can I remove the ""github.copilot"" line and also configure my own workspace across all my devices so that I always have Copilot running when opening this?"
U224,76058788,https://stackoverflow.com/questions/76058788,Vaibhav Bhardwaj,2023-04-19,"Title: Github autopilot Runtime Status: Not yet actived
Question: I have done installing github autopilot and merging with my source github account and granting permission for the same. But still in VSCode it is not working. Upon clicking on the extension, in the Runtime Status tab, it is showing: Not yet Active. What should I do in order to start using github copilot in my VSCode?
I tried connecting with my github account.
Comment on question: Do you have an active copilot subscription?
Comment on question: Yes, PS: After hours of struggle, I installed the previous version of the extension in VS Code and it worked!"
U225,76070342,https://stackoverflow.com/questions/76070342,Ofer Gal,2023-04-21,"Title: using Copilot in Visual Studio 2022 to document code
Question: When I write above method ""AllNewOpportunities""://document AllNewOpportunities
I get:
[code]
Is there a magic word to make it document code?
Comment on question: Type ""Oh dear text-predictor, I don't want to type a line or two to explain what my code does, so please try to interpret my spaghetti and extract a human-readable summary for me"" and see what happens. All hail our AI overlords.
Comment on question: Love your passion for AI @CodeCaster :-)"
U226,76072219,https://stackoverflow.com/questions/76072219,Christopher Hall,2023-04-21,"Title: Generate 4 distinct numbers that add up to a Random Generated Number
Question: I need this unit test to pass:
[code]
Passing cases:
The function correctly divides a total, which is 100 minus a random number between 50 and 90, into four distinct positive integers that sum up to the total, and this holds true for 100 iterations of the function.
Failing cases:
The function returns a list containing 0.
The function returns a list that does not contain exactly four
distinct positive integers.
The function returns a list of non-positive integers.
The function returns a list of integers that do not add up to the
given total.
This is as close as i've gotten - it either passes or hangs on the last while loop:
[code]
ChatGpt has failed both on its openai website and through github copilot.
Comment on question: Can you provide an example of a pass and a fail in result terms?
Comment on question: Hi there, added to question. Cheers!
Comment on question: @ChristopherHall I think the title and the explanation contradict each other: ...Generate 4 distinct numbers that add up to a Total number between 50 and 90 and ...divides a total, which is 100 minus a random number between 50 and 90._
Comment on question: Cheers for that
Comment on question: @ChristopherHall One remark: When you do fourth -= 1 in the while loop, you do not test for fourth becoming zero.
Comment on question: Have you tried adding a repeatCount variable in the while loop that increments each time around, and after spinning its wheels 1000 times or whatever, logs the values of total and first etc so you can see what kind of number combinations are tripping it up? Also you said total can be 100 - 90 i.e. 10, right? So first is a random number in 2..5, and if it picks 5, then second is picked from 3..2, third is from either 3..0 or 3..-1... is it meant to possibly produce invalid numbers like this?
Answer 1: It seems a difficult task to solve this problem with an algorithm based on randomly getting one number, then randomly getting the second, and so on, because you will get an overproportional number of results that contain descending numbers. But if the sorting of the four numbers does not matter, then it will be fine.
If the function is not called to often in a row, then a simple search for the first solution in randomised lists might be the solution. This will probably be a bit slower than your algorithm (because of the three 'shufflings').
[code]
Kotlin Playground
Answer 2: [code]"
U227,76073108,https://stackoverflow.com/questions/76073108,giulioBorriello,2023-04-21,"Title: Problem to use Copilot in Vs Code with ArchLinux
Question: My pc run arch linux, i'am already using copilot with neovim and intelij idea, i tried to use with vs code but, although i was able to install the extension successfully and make it trusted by github, the code completion not work.
After the extension installation i had to log in to my Github account, it was a little hard but after some attempts i did it. I tried to use the official version of vs code founded in the AUR but nothing. In the internet, via chat gpt or in the arch wiki of vs code i couldn't find help. here my copilot extension settings:
[code]
my version of vs code is 1.77.3
i also report that for use the microsoft visual studio marketplace on arch's vs code, you have to install from the aur this extension: code-marketplace.
This is my first post on stack overflow so wish me luck.
Answer 1: If you are using AUR Code-OSS editor you need to remove it.
For fix this issue you can install AUR visual-studio-code-bin editor it is working.
Comment on answer 1: Your answer could be improved with additional supporting information. Please edit to add further details, such as citations or documentation, so that others can confirm that your answer is correct. You can find more information on how to write good answers in the help center."
U228,76075204,https://stackoverflow.com/questions/76075204,whonkg985,2023-04-21,"Title: GitHub Copilot and Privacy - Does GitHub Copilot save locally developed code?
Question: Does GitHub Copilot save locally developed code? For example, if I develop code locally and in my code, there are connection parameters, like user and pass, for calls to remote services, do it save them as an example? Providing them as a suggestion in case someone else develops the same code in the future?
Also, in case of enterprise code development, where code must remain strictly confidential, can GitHub copilot save any sort of code (entirely or even just snippets) and make it public with suggestions?
Answer 1: It depends on your version of copilot and your settings.
Copilot is trained against a public corpus of data and it will use contents your local files provide context so Copilot can refine the results.
Copilot for business won't retain any of these snippets and will discard them immediately after returning the suggestion.
Code Snippets Data
GitHub Copilot transmits snippets of your code from your IDE to GitHub to provide Suggestions to you. Code snippets data is only transmitted in real-time to return Suggestions, and is discarded once a Suggestion is returned. Copilot for Business does not retain any Code Snippets Data.
Copilot for individuals may retain the snippets, depending on your settings:
Code Snippets Data
Depending on your preferred telemetry settings, GitHub Copilot may also collect and retain the following, collectively referred to as “code snippets”: source code that you are editing, related files and other files open in the same IDE or editor, URLs of repositories and files path.
When you commit your code to a public repo, it might get indexed in the future. The current index is based on the most recent dataset that GPT was trained against.
This is one of the advantages of how copilot works compared to similar features that were available in the past. It doesn't need to process and index all your local content into a machine learning model, yet it can still provide you tailored results."
U229,76147937,https://stackoverflow.com/questions/76147937,Patrick,2023-05-01,"Title: Is there a way to disable automatic inline suggestions from GitHub Copilot?
Question: Is it possible to not have GitHub Copilot automatically suggest code, instead only showing its suggestions when using the ""trigger inline suggestion"" shortcut?
I saw there is a setting github.copilot.inlineSuggest.enable in Visual Studio Code for this, but can't find any way to do this in Visual Studio."
U230,76162353,https://stackoverflow.com/questions/76162353,Alex_X1,2023-05-03,"Title: Github Copilot not launching with VSCode
Question: I am on Linux and I use VS Code, every time I restart VS Code, Copilot is just not there. In Output, it doesn't show up either, so I am pretty sure it is just not starting. I am logged into GitHub and the GitHub Authentication seems to be successful. I have Copilot as part of the Developer Students pack.
I tried uninstalling and installing other versions, it didn't help, the only thing that helps is deleting the extension folder and then reinstalling."
U231,76177140,https://stackoverflow.com/questions/76177140,Sherif Elmetainy,2023-05-04,"Title: How to suppress or fix ""possible misuse of unsafe.Pointer"" warning by go vet?
Question: Is there a way to suppress the possible misuse of unsafe.Pointer for a specific line (via a comment for example?). Or even better fix the code in my specific example?
I have a windows.TRUSTEE struct whose content are filled by a Windows API call. I want to access the *windows.SID that's in the TrusteeValue field. I know that the TrusteeValue field contains a *windows.SID because I perform this check: [code] . I also check if the Windows API call returned an error.
Here is a code snippet with the relevant part
[code]
So apparently the warning is a false positive. I want to suppress the warning for this line and still get the warning in other places where I might inadvertently misuse unsafe.Pointer.
There were some suggestions (on web and by Copilot) that I add comments like //nolint:govet, //lint:ignore, //lint:ignore SA1015 or nolint
Thanks a lot in advance for help.
I wrote a short and complete golang program to reproduce my issue with code that's not relevant to the issue removed. Note that since this access Windows API the program will run only on Windows. The program loops the access control entries on ""C:\Windows"" folder and prints the SID
[code]
Comment on question: //nolint:govet is recognized by the golaingci-lint tool, but not by go vet itself. See this issue for discussion why disabling false positives was declined in go vet itself.
Comment on question: I agree that the conversion looks ok (though don't you want unsafe.Slice(&entries,?). You could relegate the minimal amount of surrounding code to a separate file which you don't deal with often, or maybe use go vet -unsafeptr=false when dealing with this package.
Comment on question: @JonathanHall Thanks for the reply. I read the issue you linked and TBH I don't agree with them. No matter how smart the tool becomes there will always be false positives (specially with stuff like unsafe). Having the tools report always report the false positives will train my brain to ignore them whenever I see them, and will make me miss real issues. I decided to silence go vet in vscode, and using golangci-lint tool instead. but it seems golangci-lint doesn't report unsafeptr analyzer errors. I opened an issue on their repo.
Comment on question: @JimB Thanks for the reply. Actually unsafe.Slice works fine in this code. My project has many parts that use unsafe.Pointer as it deals with ACLs, Registry, Eventlog, SIDs, Windows API callbacks that pass pointers, etc. Separating the false positives from the other code would be a hassle and would mess my project's structure. The unsafeptr warning is actually very helpful, and it did help me avoid some bugs. I would like to have go vet report them, then I can manually vet them and write unit tests for each case, then suppress them one by one if they are actually safe.
Comment on question: can you try: //nolint:gosec. With this comment, you are telling go vet to ignore warnings related to security (gosec) on this specific line"
U232,76220144,https://stackoverflow.com/questions/76220144,Michele,2023-05-10,"Title: How can I display multiple inline suggestions in vscode?
Question: I am developing a plugin for vscode that suggests lines of code to developers.
My issue is that I can't show multiple suggestions at the same time. For example, the plugin may need to show ""statement 1"" in line 13 of the file, and ""statement 2"" in line 16.
These suggestions should not be inserted directly in the code, since the developer is choosing if they want to keep them or not. Basically, I am searching for a suggestion metodology similar to GitHub Copilot, where different lines in different points of the code are shown in a grey color.
I currently tried to use the ""InlineCompletionItem"" interface from the vscode API. I can successfully show 1 suggestion in the desired position, and accept/reject it.
I use ""registerInlineCompletionItemProvider"" to register my implementation of the ""provideInlineCompletionItems"" interface, in which I create a list of ""InlineCompletionItems""
and return it. I then trigger it with
[code]
When triggered, only the first element of such list is displayed.
I know of the existence of ""CompletionItem"" and ""CompletionList"", but they work by showing suggestions in a drop down menu near the cursor, which is not what I need.
Is there someone that has tried to do something similar, and succeeded?"
U233,76230446,https://stackoverflow.com/questions/76230446,Leo,2023-05-11,"Title: Copilot stuck at activating
Question: I am currently connected to my school server through SSH and school VPN.
I am using VS Code with the following details:
[code]
I have tried to install GitHub Copilot (locally) and GitHub Copilot Nightly (On SSH) respectively. But none of them worked, it shows that they are undergoing 'activating' forever.
Copilot works fine if I use a local workspace but it is working when I SSH connect to a server.
The output log is empty for Github Copilot.
How can I troubleshoot this?
Answer 1: The problem was solved.
It was because I opened a workspace at the root directory of my server which contains all the files.
The activation of Copilot requires Pylance to function correctly first. Pylance was not activated correctly because of the workspace.
To solve the problem, change the workspace to a directory that contains few files."
U234,76234921,https://stackoverflow.com/questions/76234921,Gabriel Ciubotaru,2023-05-12,"Title: How to change the default keybind for accepting IntelliSense / Copilot suggestion in VS 2022
Question: I have installed VS 2022 and Github Copilot. When there is a code recomandation, it suggests to press TAB to accept the suggestion, but I want to assign another key for this and leave the TAB for inserings actual TABs in the code.
[image]
I have tried to change a few bindings from Options > Environment > Keyboard but none seems to affect this one.
Is there any way to change this action's key to something else ?"
U235,76243327,https://stackoverflow.com/questions/76243327,Omar,2023-05-13,"Title: Using tab in GitHub Copilot doesn't trigger the inline suggestion - macOS Visual Studio Code
Question: I am a new user of GitHub Copilot and I am having trouble triggering the in-line suggestions it provides. I have tried various settings and configurations, but I am still unable to get it to work properly.
The expected output is that I should be able to accept copilot inline suggestions by pressing tab, enter, or space.
I have taken several steps to try and resolve the issue.
I made sure that I am using the most recent version of Visual Studio Code, which is currently 1.78.2.
I ensured that my machine is updated to Mac Air M1 13.3.1.
I installed the latest version of GitHub Copilot, which is currently v1.86.82.
I have also checked and updated my VS Code settings to include the following:
[code]
Any ideas what's going on here?
enter image description here
Comment on question: related docs: marketplace.visualstudio.com/items?itemName=GitHub.copilot, and docs.github.com/en/copilot/…
Comment on question: are there any other extensions possibly interfering with copilot's keyboard bindings? What if you disable all extensions except for the language extension and copilot?
Comment on question: Yes actually! I checked my keyboard settings again and found that copilot was interfering with intellisense. I guess they were ""competing"" for the tab button and that was what caused the bug. I changed the copilot accept keyboard shortcut to right arrow instead of tab and it worked. Thank You!
Answer 1: The problem may be due to GitHub copilot competing with some other keybindings for use of the tab key. You can try to figure out what that conflict is by looking at the keyboard shortcut UI and searching for the tab key (use the ""Record Keys"" button), or follow the keybinding troubleshooting steps, or if you suspect another extension, do an extension bisect. Otherwise, you can try changing the GitHub copilot acceptance command to different keys without conflict issues."
U236,76256774,https://stackoverflow.com/questions/76256774,mhm.sherpa,2023-05-15,"Title: Is there no way to change the copilot inline suggestion trigger hotkey in Visual Studio?
Question: I have found solutions for VSCode, but nothing for Visual Studio. When I search for copilot options I dont see any options like described. I am basically trying to use the ` key instead of tab on Windows.
Is there any other ways around this?
Comment on question: The documentation suggests this option is not available in Visual Studio
Comment on question: I think you're right, sad. Tab is such an annoying key to use"
U237,76257401,https://stackoverflow.com/questions/76257401,Sterling,2023-05-15,"Title: GitHub Copilot not making suggestions in VS Code
Question: I'm in Ubuntu 22.04.
I installed the latest extension of Github Copilot, and updated VS Code to the latest version.
In the bottom right, I see the Copilot icon that toggles it. You can see in the picture below that when I click it, I get prompted to disable it. So it should be enabled already.
[image]
This is my output in the View dropdown:
[image]
Not installing CopilotChat- Not VS Code Insiders
I have closed and re-opened VS Code. I have rebooted my machine. I've tried multiple languages (C++ and Python), tried opening different folders, and tried new vs. existing files.
I am signed into Github, and have my settings synced. You can see that in the image below.
[image]
Why is this happening, and what should I do to resolve this?
Comment on question: related to the error message: code.visualstudio.com/blogs/2023/03/30/… if you want CopilotChat, you need to use VS Code Insiders.
Answer 1: I found the issue. The settings.json file had disabled inline suggestions, despite having enabled them in the settings UI. I updated the line to be
""editor.inlineSuggest.enabled"": true,
and that fixed it."
U238,76266095,https://stackoverflow.com/questions/76266095,BKDziti,2023-05-16,"Title: Can't figure out if its just bad code or if its the IDE but it doesn't even work on replit
Question: All im trying to do is get the program to call on a .mp4 file and parse through each frame before translating the frames into ascii art and then repeating the output in the terminal until some key is pressed, spent a month trying to get it to work on my own and after a week of trying to get chatgpt or copilot to fix the bugs I'm all out of ideas. its possible its my system but I've tried the global python on my system, I've tried anaconda and andaconda ran through vs code. it might just be bad code I'm all self taught so...yeah here's the code
[code]
and the traceback looks like this or some variation of this
[code]
I tried swapping different modules and libraries and packages as well as changing interpreters and IDEs, I've tried running it on the cloud, for some reason the issue is getting whatever environment I'm using to download and import the prerequisites.
edit:
[code]
Comment on question: You haven't told us what actually happens.
Comment on question: And you may be a bit confused. ascii_graph does not produce ASCII art. It produces histograms. pypi.org/project/ascii_graph You might look at levelup.gitconnected.com/… .
Comment on question: @TimRoberts ill get a traceback or error on the line that first uses open cv or ascii graph. and yeah I've thought about using pillow or PIL whatever works now but I get the same issue.
Comment on question: ""get a traceback or error"" doesn't help us at all. WHICH error? WHAT traceback? To get good help, you must provide enough details for us to diagnose things.
Comment on question: this isn't all of it only cause there's a character limit Traceback (most recent call last): import cv2 File ""/home/runner/vidtoascii/venv/lib/python3.10/site-packages/c‌​v2/__init__.py"", line 181, in <module> bootstrap() File ""/home/runner/vidtoascii/venv/lib/python3.10/site-packages/c‌​v2/__init__.py"", line 111, in bootstrap raise ImportError('OpenCV loader: missing configuration file: {}. Check OpenCV installation.'.format(fnames)) ImportError: OpenCV loader: missing configuration file: ['config.py']. Check OpenCV
Comment on question: Please edit your question and include your traceback.
Comment on question: ""missing configuration file"" is pretty explicit, and should be a very strong hint about what you need to do to fix it. :)
Comment on question: How, EXACTLY, did you install openCV?
Comment on question: @TimRoberts when I first got the idea I did it using pip because that's how every link on google said, but when I was trying to do it with an environment through anaconda I literally sat and sifted through every single library and module and package to look for cv2 thinking it was different from open-cv. again im sorry im trying to teach myself too much too fast probably, Ive always been good with computers but up until less than a year ago my only experience coding was writing bash files to constantly restart my teachers computer or open the terminal a million times so we wouldnt do work lol.
Comment on question: So, did you copy a bunch of files by hand, then? config.py should be the main directory of the cv2 package, such as /usr/local/lib/python3.10/dist-packages/cv2. If it's not there, then you could try pip install --upgrade --force opencv-python.
Answer 1: Here is code that works, based on the link I included in the comments above.
[code]
Comment on answer 1: Thanks for taking the time to look for that article and commenting fixed code but I get the same errors, will edit question again to add it."
U239,76266140,https://stackoverflow.com/questions/76266140,user2458046,2023-05-16,"Title: How to press ""Alt + ["" on a german QWERTZ keyboard?
Question: I am trying to use github-copilot with my IDE (Webstorm) and running in to a problem with these shortcuts:
[code]
Actually I have to type ""strg+alt+8"" to write an ""["".
How could I do ""Alt+["" then?
Thanks for your help!
Answer 1: Option + [ doesn't work.
Change to custom shortcuts using Preferences > Keymap > Plugins > GitHub Copilot
I chose to use:
[code]
[image]"
U240,76269633,https://stackoverflow.com/questions/76269633,Corram,2023-05-17,"Title: How to accept only the next word in PyCharm GitHub copilot suggestion
Question: I would like to be able to accept only the next word of a github Copilot suggestion instead of the full suggestion. This is possible with VS Code as documented here.
Is there a way to do this in PyCharm too?"
U241,76310342,https://stackoverflow.com/questions/76310342,cosmos,2023-05-22,"Title: Go extension causing errors, not able to write the code properly
Question: checkout the gif
I recently decided to learn Golang/go, understanding concepts, and find it amazing till now, but I face issues with go extension developed by go.dev. the issues faced here in the file shared are also written below:
I understand, that IntelliSense is trying to write and format the code in a more prettier manner, but it affects by not letting it be added (by pressing enter and then writing something).
Here in ""const Locktovars"", I wanted to write a datatype 'string' or let's assume something else, but it is not letting me do it, instead it is trying to omit the additional spaces I added (though I can use copilot to complete the line with a 'tab' but I'm trying to learn it manually).
A doubt: before all this mess, why am I seeing the 'red underline' at package main when everything I write is syntactically and logically correct?
I don't know if it's a good thing or not, or maybe just happening with me, but its quite irritating (pls note, I've already tried previous versions of the extensions as try-fail)
Here's my os type(if it matters)
[code]
please tell me what should i do, i guess its just a random bug which can be easily dealt with
Answer 1: I faced a similar issue. If you have more than one Go program in the folder, it will underline func main because it's not unique, try putting them in separate folders. If you don't have a go.mod file, it will not compile and give you an error in the debug console. Configuring workspaces is the likely candidate for fixing the underlining of the package main statement. Hopefully something in here points you in the right direction.
Edit: Didn't see the gif at first, sorry about that. The stuttering might be an electron issue in Ubuntu. I can't reproduce it but I'll spin a machine with that version on it and see if I can reproduce it. The squiggle under the package main is workspace related but you can still compile and run just fine with that.
Comment on answer 1: For the part of creating separate folders, I changed and it did work, (thanks for that.) but this stuttering is just too much frustration. Whenever I write try writing a new file, it automatically enters a new line after 'package m'. as of now, I'm working on it without the extension, but I wonder, how would I be able to cope up when I start building some projects in go"
U242,76311798,https://stackoverflow.com/questions/76311798,Joel Hager,2023-05-23,"Title: OpenAI moderation continues even though flagged returns error GoFiber (golang, AWS SAM local api gateway)
Question: I am create an API with GoFiber using AWS API Gateway, and I'm testing locally via sam local start-api
The API generates a prompt via OpenAI, and before I do the heavy work of creating the text/image, I run the user input through the moderation API endpoint. If I forcibly return all values from my checker function ModeratePromptInput, it will show the error. However, if I check for err != nil in the caller it will continue to run the program. How do I fix that?
Here is the caller (the part that matters):
[code]
This is the moderation function:
[code]
I've checked myself by stepping through, I've checked with GitHub Copilot, I've checked with ChatGPT, and they all say this is correct. The Marshaled/unmarshaled structs are carrying the data. The request and response objects are correct. However, I'm not getting the flow I'm thinking. Is there something I don't know about go that may be causing this to continue to run?
Answer 1: The issue is that the following statements return nil most of the time:
[code] It looks like what you want is:
[code]
But this still does not work because the func GenerateOutput will call c.JSON again. I don't think that you can write to the response twice.
A possible fix is to modify ModeratePromptInput like this:
[code]
And modify GenerateOutput to construct the response based on the error value.
Comment on answer 1: I was hoping to keep the interface and err for the future if I wanted to show the weighting of why it was flagged. Is that possible?
Comment on answer 1: I think so. And in fact that's what I want to suggest you to do. But it involves defining custom error type. Do you want to do that?
Comment on answer 1: I guess my original thought was to return whatever the callee brings back, as the errors could vary wildly based on factors (failure, unhappy response, some value, etc). This one is pretty simple, but some functions have to interface with multiple structures to get a result, and there could be any number of failures. Do I really have to implement a custom error type to accommodate for every possible permutation of error?
Comment on answer 1: @JoelHager See the updated answer which makes ModeratePromptInput to return an error. It depends how you want to handle the error. Maybe a simple error returned by fmt.Errorf or errors.New is enough.
Comment on answer 1: Anyway, I think you already know that it's wrong to check the error value returned by c.Status(n).JSON in your original implementation. It should be changed. How to change it is deeply depends on your business requirement."
U243,76324985,https://stackoverflow.com/questions/76324985,esege,2023-05-24,"Title: GPT Commit Generator for Visual Studio 2022
Question: There are cool Visual Studio Code extensions for generating automatic commit messages using ChatGPT API. Like these...
https://marketplace.visualstudio.com/items?itemName=MichaelCurrin.auto-commit-msg
https://marketplace.visualstudio.com/items?itemName=KarlMoritzWildenhain.gpt-commit-generator
Is there any extension like this for Visual Studio 2022. I couldn't find any. If not is there a way around it? I cannot use Github Copilot because my repo is in Gitlab. Maybe using this?"
U244,76344685,https://stackoverflow.com/questions/76344685,Simon Suh,2023-05-26,"Title: How do I get Github Copilot to work in Android Studio?
Question: I bought the monthly subscription and installed the plugin in the latest version of android studio flamingo. But when I type, no suggestions pop up. I tested it in vscode for javascript and it's working fine there, just not in android studio. I'm using Kotlin at the moment, which from my understanding should still work.
I couldn't find anything helpful in the answers in this related question. What else can I try. Would really love to start using github copilot in android studio kotlin.
Answer 1: figured out what wasn't working. Had to login to Github in Android Studio via the tiny Github Copilot icon at the bottom right corner of the IDE."
U245,76349255,https://stackoverflow.com/questions/76349255,Arman Asgharpoor,2023-05-27,"Title: Copilot Chat icon not showing vscode
Question: I received the email saying that Copilot Chat is now enabled on my account. I followed the instructions to enable it on my VSCode, but I still don't see it on my activity bar.
How could I solve this problem?
I got the email below:
Welcome to the Copilot chat private beta! You're off the waitlist and
can start using Copilot chat.
Getting Started Here are the instructions to get started:
Before starting, please make sure that the GitHub ID you intend to use
has an active subscription to GitHub Copilot and matches the ID that
you used to join the GitHub Copilot chat waitlist.
For Visual Studio Code:
Download and install Visual Studio Code - Insiders Already on the
Insiders build? Make sure you are on the latest version! In VS Code
Insiders, go to the Extensions tab (Cmd+Shift+X) in the activity panel
and search for and install the GitHub Copilot Nightly extension. If
you have not previously authorized VS Code Insiders in your GitHub
account, follow the steps to do so, you will be prompted to sign in. A
new Chat icon appears in the activity panel. Click on it to see the
conversation interface. If that doesn't work, restart the editor and
authorize GitHub Copilot to see the chat window. For Visual Studio:
Ensure you're running Visual Studio 2022 17.5.1 or higher. If not,
please update. Download and install the Visual Studio extension for
GitHub Copilot - Preview Ensure you are logged in to Visual Studio
using the same GitHub ID that you signed up for the waitlist using. If
you are not signed with an authorized account you’ll be prompted to do
so. If you are already logged in with your GitHub ID in your Visual
Studio, please check you don’t need to re-enter your GitHub
credentials. Here is the link with instructions to Add your GitHub ID
to your Visual Studio signin. Start Visual Studio. Once fully loaded,
check that the GitHub Copilot chat window shows on your View menu.
Then verify that “Ask Copilot” appears at the top of the right click
menu in your code editor when a code file is open.
Answer 1: Check that you have the Insiders version of vs code with the green icon instead of the blue icon
https://stackoverflow.com/a/76269965/9277358"
U246,76349751,https://stackoverflow.com/questions/76349751,Producdevity,2023-05-28,"Title: How can I determine the command triggered by a keyboard shortcut in Visual Studio Code?
Question: Situation
I use VIM and IntelliJ on a daily basis, and I recently installed VS Code to try out the newest ""Copilot Chat"" features. To port over my keybindings, I installed the ""IntelliJ IDEA Keybindings"" extension. However, I encountered an issue where pressing the ""Return"" or ""Enter"" key brings up the ""Find"" input field and searches for the next occurrence, instead of performing the expected action of creating a new line.
Problem
I need to find a way to determine when and which command is triggered by a specific keyboard shortcut in VS Code. I have searched for solutions or extensions that could help me identify the command associated with a keyboard shortcut, but I haven't found a suitable solution yet. Having this capability would make it easier for me to remap shortcuts and troubleshoot unexpected behavior.
Attempted Solution
Initially, I considered building an extension that would display the last triggered command's name in the status bar at the bottom of the editor. However, I realized that this approach, though fun, might not be a practical use of my time, haha.
Request
I am seeking assistance in finding a solution to determine the command triggered by a keyboard shortcut in VS Code. Specifically, I would like to know if there is an existing extension or method that can display the name of the command triggered in the status bar. This information would greatly aid me in remapping shortcuts and understanding any unexpected behavior.
Answer 1: You can view all of the keyboard shortcuts from the Preferences menu option.
Linux/Windows: Ctrl + K Ctrl + S
Mac: Command + K Command + S.
You can edit the key bindings here. You'll also find detailed information in the official documentation on how to update or debug issues with keyboard shortcuts.
Comment on answer 1: Maybe I didn't explain it well enough, but my issue is that I don't know the names of the commands. I would like to see which command has just been called when I perform a shortcut by accident. So at that moment I don't necessarily know what shortcut I performed, where a visual indicator of the command name would help me identify what just happened. Hopefully this clarifies my goal
Answer 2: You can either
open the keyboard shortcut editor UI by using the Preferences: Open Keyboard Shortcuts command in the command palette, and then use the ""Record Keys"" button (bound to alt+k on Windows and Linux) to search for the keybinding of interest. Or
open your keybindings.json file and use the find widget (ctrl/cmd+f) to search for the keybinding sequence and see what command it's bound to.
If that's not bearing fruit, you can also use the tips in VS Code's keybinding troubleshooting docs (and wiki): Use the Developer: Toggle Keyboard Shortcuts Troubleshooting command, which will cause event logs about keyboard shortcuts to be logged to the Output Panel.
Here's an example from the wiki:
[code]
where you can see it shows what keyboard events it receives, and what command it matches it to.
Comment on answer 2: YES!! The second part of your answer is exactly what I need! That's perfect. I was building it myself, but then noticed that they removed the API that listens to keyboard shortcut events. Thank you!"
U247,76357695,https://stackoverflow.com/questions/76357695,HRNPH,2023-05-29,"Title: There's no React JS autocomplete with ""inline suggestion & Preview"" in textarea? how to implement it
Question: React JS autocomplete with ""inline suggestion & Preview"" in textarea
Just like what github copilot do in Vscode
[image]
I want to build a simple Language Model based conversation text completion
So the multiple choice inline completion like
https://www.npmjs.com/package/@webscopeio/react-textarea-autocomplete
didn't really work
what I would like is a plain text-area with a suggestion support
what I want is REAL INLINE just the text with transperent concat to the input just like Co-Pilot
I've found react-inline-autocomplete Forked it and update the versioning
It's good really good! and ALMOST fit my needs but
https://github.com/HRNPH/react-inline-autocomplete
Example here: https://kyuch4n.github.io/react-inline-autocomplete/
It didn't really use 'text-area' but instead 'input' so this would work for form-data
but not for long content such as article or something similar
Is there an alternative to this? or how can I Implemented the same behaviour in TextArea?"
U248,76384230,https://stackoverflow.com/questions/76384230,Kris van der Mast,2023-06-01,"Title: Github copilot activation woes in Visual Studio 2022
Question: I got Copilot to work immediately in Visual Studio Code but on the same laptop can't get it working in Visual Studio 2022. I installed the extension and when I restart VS22 and load a project I get the messagebox from Copilot to connect with the activation code procedure. Clicking OK however results in the following in the output window (pressed the button a seconde time when the messagebox appeared again):
GitHub Copilot 1.84.0.1 (v1.84.0.1@760da3695) [DEBUG] [agent]
[2023-06-01T17:09:44.368Z] Agent service starting [DEBUG] [agent]
[2023-06-01T17:09:44.714Z] Telemetry initialized GitHub Copilot Agent
v1.84.0 [Error] An error occurred for
'RunOperation:SignInInitiateAsync':
StreamJsonRpc.RemoteInvocationException: Request signInInitiate failed
with message: self signed certificate in certificate chain at
StreamJsonRpc.JsonRpc.d__151 [code] 1.MoveNext() [DEBUG]
[agent] [2023-06-01T17:09:52.281Z] Agent service starting [DEBUG]
[agent] [2023-06-01T17:09:52.337Z] Telemetry initialized [Error] An
error occurred for 'RunOperation:RunOperation':
StreamJsonRpc.RemoteInvocationException: Request signInInitiate failed
with message: self signed certificate in certificate chain at
StreamJsonRpc.JsonRpc.d__151 [code] 1.MoveNext() [DEBUG]
[agent] [2023-06-01T17:09:53.585Z] Agent service starting [DEBUG]
[agent] [2023-06-01T17:09:53.620Z] Telemetry initialized NotSignedIn
[Error] An error occurred for 'RunOperation:SignInInitiateAsync':
StreamJsonRpc.RemoteInvocationException: Request signInInitiate failed
with message: self signed certificate in certificate chain at
StreamJsonRpc.JsonRpc.d__151 [code] 1.MoveNext() [DEBUG]
[agent] [2023-06-01T17:10:08.313Z] Agent service starting [DEBUG]
[agent] [2023-06-01T17:10:08.346Z] Telemetry initialized [Error] An
error occurred for 'RunOperation:RunOperation':
StreamJsonRpc.RemoteInvocationException: Request signInInitiate failed
with message: self signed certificate in certificate chain at
StreamJsonRpc.JsonRpc.d__151 [code] 1.MoveNext() [DEBUG]
[agent] [2023-06-01T17:10:08.957Z] Agent service starting [DEBUG]
[agent] [2023-06-01T17:10:08.971Z] Telemetry initialized NotSignedIn
I've been searching around and tried already to flip Options > Github Copilot > Accept non-trusted certificate authorization to True. However still without being the solution.
Anyone facing this and, hopefully, has a workaround which works?
Answer 1: The solution was to follow the steps mentioned in this answer: https://github.com/orgs/community/discussions/50484.
Basically it turned out that netskope was in between for traffic and that the certificate needed to be added on my laptop with the command:
setx NODE_EXTRA_CA_CERTS ""C:\temp\caadmin.netskope.com""
after I had saved the certificate caadmin.netskope.com under c:\temp."
U249,76396755,https://stackoverflow.com/questions/76396755,dnAir,2023-06-03,"Title: github copilot does not suggest anything anymore after i fiddled around with vscodes settings for auto suggestions / completes
Question: [code]
those are the things i tested around disabling/enabling. there might be more options i changed but I cant remember which ones.
anyway all of a sudden copilot does not suggest anything anymore. those 3 options above are all set to true and the copilot icon in the bottom right of vscode tells me that it's running.
what could be the reason for that?"
U250,76417192,https://stackoverflow.com/questions/76417192,badmood111,2023-06-06,"Title: Why are my Copilot shortcuts not working? (show next / previous suggestion)
Question: I'm having a problem with Copilot shortcuts on Mac.
I'm using a czech keyboard so the default shortcuts for Next / Previous suggestions (option+] / option+[) don't work (as the key combionation just makes a literal bracket.
Even though I bind it to different key combinations, the shortcuts don't work. What's wrong?
(The files below are my settings.json and keybinds.json)
[image]
[code]"
U251,76436635,https://stackoverflow.com/questions/76436635,Sami.C,2023-06-09,"Title: CodePilot inside SQL Server SSMS
Question: As far as I can see the only options currently for copilot/ChatGPT SQL assistance is to generate queries outside of SSMS.
The real power would be within the SSMS, with access to table definitions, SP's etc. I could see this saving me hours of dev time. Anyone know if there's anything on the cards or whether MS allows for external tools to be incorporated into SSMS?
Comment on question: This is probably the best example I've seen of lack of research my advice to anyone else who is going to post questions about openAI is to ask it first...
Comment on question: @ChrisSchaller so if you consider this question lack of research, why up-vote it? Down-vote is for lack of research.
Comment on question: @ChrisSchaller, Dale K I appreciate the concern for people posting 101 openAI questions without first researching, however I think you've falsely categorised me :) I'm not using SSDT or Azure Data Studio. I'm using SSMS. I've already read about the support both of these have but nothing on SSMS, hence why I posted.
Comment on question: To be honest, its not a valid question for this site, its not about programming, its about tools - which is off topic.
Comment on question: Any add ins like this are likely to be implemented in Azure Data Studio, not SSMS. Or whatever web dev tool exists in Fabric / Synapse"
U252,76444491,https://stackoverflow.com/questions/76444491,Jeff Neet,2023-06-10,"Title: Why did Ctrl+Space (Autocomplete) suddenly stop working in Android Studio, Intellij, and other JetBrains IDEs?
Question: I noticed that Ctrl + Space had stopped giving me autocomplete suggestions.
I had to delete the preceding code and start typing again to get any autocomplete suggestions. At first I thought it was related to suggestions from GitHub CoPilot, but disabling didn't help.
The strangest thing was that when I went to check if the keymap had been messed up, Ctrl + Space would not be detected, but Ctrl + Shift + Space would.
[image]
You can use this tool to check if you're having the same problem in the IDE by opening Settings > Keymap > Click the Magnifying Glass 🔎 with the little keys on it on the right, then see if anything shows up when you hit Ctrl + Space if it doesn't but other keys combinations do work, you've likely got the same problem.
Answer 1: Disable PowerToys new Peek feature that uses Ctrl + Space
After a while and not finding answers easily from searching (even saw a bug report on JetBrains bug tracker) I found the cause.
I had recently upgraded PowerToys, a Windows utility that gives a bunch of powerful tools like a color picker, and bulk file rename capabilities, window snapping regions, etc.
The updated added a new feature called Peek. When you have a text file selected in the File Browser, you can press Ctrl + Space to open a preview of the file. Because PowerToys is watching for this shortcut at an OS level, it never makes it to other Applications running.
To disable the feature and get your Autocomplete back, simply:
Open PowerToys from the system tray
[image]
Click More >
[image]
Scroll down and toggle off Peek.
[image]
Comment on answer 1: They should have warned us. This affected way too many people...
Comment on answer 1: @PunkyMunky64 seriously! Ctrl+Space has to be the most common shortcut I've used in the last 15 years. Hiding that at the OS level is definitely an oversight. It would make much more sense for 🪟+Space to be the shortcut since most PowerToys keybinds use the Windows key anyway so this hasn't been a problem."
U253,76448780,https://stackoverflow.com/questions/76448780,Doug,2023-06-11,"Title: Prioritizing Github Copilot suggestions over snippet tab stops
Question: I often find myself wanting to accept a Github Copilot suggestion in the middle of a snippet. But every time I press tab to accept the suggestion, my cursor just goes to the next tab stop in the snippet. This is especially problematic when you have lots of language specific snippets included in VSCode extensions.
For instance, in ruby there's a simple snippet included in the VSCode Ruby extension:
[code]
When I use this snippet and my cursor is at the $1 position, and Copilot gives me a correct suggestion that I want to accept, and I press tab, the cursor always just goes to the next tab stop (the $2) position, and rejects the Copilot suggestion.
This behavior is the same when I simply have just one tab stop, like this custom user snippet:
[code]
In this case, it always just goes from the $1 position to the end of the snippet (after the second parenthesis).
So is there a way I can make it so Copilot suggestions will be prioritized over going to the next cursor position in the snippet? Or another solution would be to just configure a different trigger for accepting the suggestion (like ctrl + enter). But using a different shortcut for this trigger doesn't seem to be an option, at least in the docs I've seen.
Are there any ways to achieve this behavior? It seems like a super common use case."
U254,76452744,https://stackoverflow.com/questions/76452744,Tom,2023-06-11,"Title: How can I add GitHub as an identity provider for AWS Cognito with Terraform?
Question: I am using AWS Cognito to build out the authentication layer for my React app, and I'm trying to go for the quickest win possible. I'm using Terraform to build my backend, and have successfully got Google working as an identity provider. Now I want to add Github, but I'm unable to find any sample Terraform resources that I can use for this. I am using the hosted UI to test the configuration, but will copy the links directly into my react app once it's all working.
I have created an OAuth application in GitHub and used the credentials from that.
Here is my resource for the GitHub identity provider (which I came up with largely with the help from copilot):
[code]
In the hosted UI I can then see my GitHub authentication button:
[image]
However, if I click the link, it immediately goes to my callback with the error without going to GitHub:
[code]
""Unsupported configuration for OIDC Identity Provider. Please review the documentation for specification.""
I can't find any description of this error message on Google and it doesn't help explain what the problem is. Can anyone help?
Comment on question: Have you checked the error?
Comment on question: @MarkoE I have searched for the error on Google and can't find anything
Answer 1: I've spent a day of trial and error on this, but mostly thanks to this article I was able to get it working: https://sst.dev/examples/how-to-add-github-login-to-your-cognito-user-pool.html
GitHub doesn't implement OCID the way AWS expects it to, so I had to add two proxies to my API to properly format the request and response between AWS and GitHub.
Here is the final working aws_cognito_identity_provider:
[code]
for the token_url proxy, the main change is attaching the accept: ""application/json"" which Cognito doesn't seem to do on it's own:
[code]
For the second proxy, I had to change the authorization header from ""Bearer"" to ""token"". I also had to add in a call to /user/emails as the default /user endpoint doesn't return private emails on its own:
[code]"
U255,76486363,https://stackoverflow.com/questions/76486363,Daniel Barnes,2023-06-16,"Title: How do I change the auto complete hotkey for GitHub Copilot suggestion in Visual Studio 2022?
Question: How do I change the auto complete hotkey for GitHub Copilot suggestion in Visual Studio 2022?
[image]
In a previous version of Copilot, the hotkey conflicted with Visual Studio's IntelliCode, they would both fight for the [TAB] key, so I set GitHub Copilot to use the Right Arrow key instead.
This issue has now been resolved, so I would like to change the hotkey back but I am unable to figure out how to change the auto complete key.
I have searched in Visual Studio> Options> Environment> Keyboard area.
My assigned hotkey is not under ""copilot"" or ""complete"" or ""suggest""."
U256,76488726,https://stackoverflow.com/questions/76488726,Laurens,2023-06-16,"Title: Debugging Delphi Win32 program in VS Code using LLDB
Question: My goal is to be able to develop for Delphi in VS Code. Since the last addition of DelphiLSP the actual coding, building and running works great. Especially in combination with GitHub Copilot.
The last hurdle is to be able to debug. The Delphi Windows compiler still does not support LLDB natively so we have to think of some workaround. I have been experimenting with GDB, LLDB and WinDbg, and the outcome is that LLDB is the best bet. It is widely supported in the market and Embarcadero is targeting to use LLDB for all their platforms. However, I don't want to wait until they finally come up with something that works.
I have found this great tool map2pdb to create PDB files from the Delphi MAP files. It modifies the executable in a way that LLDB can run it, but the major issue for now is that LLDB does not give correct callstacks. In LLDB the callstacks always look like:
[code]
So, it continuously refers to __dbk_fcall_wrapper instead of the real method. I have tried creating the PDB file using the YAML output from map2pdb -bind Tester.map and llvm-pdbutil yaml2pdb Tester.yaml (after exporting the YAML using map2pdb) and both give the same result.
How to solve this?
PS: GDB always gives the error:
(No debugging symbols found in Tester.exe)
WinDBG gives correct callstacks using map2dbg, but is hardly supported in VS Code and the source code matching does not seem to work in both VS Code and WinDbg GUI itself."
